Customer ID,Customer,Product ID,Category,Sub-Category,Amount spent,,,,
AG-0145,Shivani Sharma,FUR-BO-10001798,Furniture,Bookcases,"6,566",,,,
AG-0145,Shivani Sharma,FUR-CH-10000454,Furniture,Chairs,"27,591",,,,
AG-0145,Shivani Sharma,OFF-LA-10000240,Office Supplies,Labels,"77,362",,,,
AG-0145,Shivani Sharma,FUR-TA-10000577,Furniture,Tables,"78,221",,,,
AG-0145,Shivani Sharma,OFF-ST-10000760,Office Supplies,Storage,"80,943",,,Row Labels,Sum of Amount spent
AG-0145,Shivani Sharma,FUR-FU-10001487,Furniture,Furnishings,"78,780",,,Isha Roy,2461330
AG-0145,Shivani Sharma,OFF-AR-10002833,Office Supplies,Art,"89,385",,,Kiran Rao,2473076
AG-0189,Arjun Nagdev,TEC-PH-10002275,Technology,Phones,"3,824",,,Rishabh Rath,1929770
AG-0189,Arjun Nagdev,OFF-BI-10003910,Office Supplies,Binders,"20,686",,,Grand Total,6864176
AG-0189,Arjun Nagdev,OFF-AP-10002892,Office Supplies,Appliances,"24,720",,,,
AG-0189,Arjun Nagdev,FUR-TA-10001539,Furniture,Tables,"39,238",,,,
AG-0189,Arjun Nagdev,TEC-PH-10002033,Technology,Phones,"83,545",,,,
AG-0189,Arjun Nagdev,OFF-PA-10002365,Office Supplies,Paper,"29,586",,,,
AG-0189,Arjun Nagdev,OFF-BI-10003656,Office Supplies,Binders,"69,413",,,,
AG-0189,Arjun Nagdev,OFF-AP-10002311,Office Supplies,Appliances,"50,994",,,,
AG-0220,Sunil Anand,OFF-BI-10000756,Office Supplies,Binders,"26,970",,,,
AG-0220,Sunil Anand,OFF-ST-10004186,Office Supplies,Storage,"46,484",,,,
AG-0220,Sunil Anand,OFF-ST-10000107,Office Supplies,Storage,"88,573",,,,
AG-0220,Sunil Anand,OFF-AR-10003056,Office Supplies,Art,"71,416",,,,
AG-0220,Sunil Anand,TEC-PH-10001949,Technology,Phones,"3,280",,,,
AG-0220,Sunil Anand,OFF-BI-10002215,Office Supplies,Binders,"8,511",,,,
AG-0310,Devaang Patel,OFF-AR-10000246,Office Supplies,Art,"62,235",,,,
AG-0310,Devaang Patel,OFF-AP-10001492,Office Supplies,Appliances,"28,851",,,,
AG-0310,Devaang Patel,FUR-CH-10002774,Furniture,Chairs,"24,435",,,,
AG-0310,Devaang Patel,FUR-TA-10000577,Furniture,Tables,"12,426",,,,
AG-0310,Devaang Patel,OFF-BI-10001634,Office Supplies,Binders,"61,076",,,,
AG-0310,Devaang Patel,TEC-AC-10003027,Technology,Accessories,"32,666",,,,
AG-0310,Devaang Patel,FUR-BO-10004834,Furniture,Bookcases,"92,442",,,,
AG-0355,Sunil Agarwal,OFF-BI-10000474,Office Supplies,Binders,"12,019",,,,
AG-0355,Sunil Agarwal,FUR-FU-10004848,Furniture,Furnishings,"18,309",,,,
AG-0355,Sunil Agarwal,OFF-EN-10001509,Office Supplies,Envelopes,"28,703",,,,
AG-0355,Sunil Agarwal,OFF-AR-10004042,Office Supplies,Art,"5,436",,,,
AG-0355,Sunil Agarwal,OFF-BI-10001525,Office Supplies,Binders,"88,815",,,,
AG-0355,Sunil Agarwal,OFF-AR-10001683,Office Supplies,Art,"31,074",,,,
AG-0355,Sunil Agarwal,OFF-PA-10000249,Office Supplies,Paper,"97,373",,,,
AG-0409,Alia Goel,TEC-PH-10004977,Technology,Phones,"25,639",,,,
AG-0409,Alia Goel,FUR-FU-10003664,Furniture,Furnishings,"97,289",,,,
AG-0409,Alia Goel,OFF-EN-10002986,Office Supplies,Envelopes,"45,007",,,,
AG-0409,Alia Goel,FUR-BO-10002545,Furniture,Bookcases,"38,184",,,,
AG-0409,Alia Goel,FUR-CH-10004218,Furniture,Chairs,"23,638",,,,
AG-0409,Alia Goel,TEC-PH-10000486,Technology,Phones,"15,562",,,,
AG-0409,Alia Goel,TEC-PH-10004093,Technology,Phones,"86,464",,,,
AG-0581,Mukesh Jain,OFF-ST-10003479,Office Supplies,Storage,"7,089",,,,
AG-0581,Mukesh Jain,OFF-ST-10003282,Office Supplies,Storage,"95,869",,,,
AG-0581,Mukesh Jain,TEC-AC-10000171,Technology,Accessories,"70,472",,,,
AG-0581,Mukesh Jain,OFF-BI-10003291,Office Supplies,Binders,"46,202",,,,
AG-0581,Mukesh Jain,OFF-ST-10001713,Office Supplies,Storage,"96,159",,,,
AG-0581,Mukesh Jain,TEC-AC-10002167,Technology,Accessories,"33,201",,,,
AG-0581,Mukesh Jain,TEC-PH-10003988,Technology,Phones,"10,653",,,,
AG-0581,Mukesh Jain,OFF-BI-10004410,Office Supplies,Binders,"55,517",,,,
AG-0600,Ramakrishnana Reddy,OFF-LA-10002762,Office Supplies,Labels,"44,283",,,,
AG-0600,Ramakrishnana Reddy,FUR-FU-10001706,Furniture,Furnishings,"52,455",,,,
AG-0600,Ramakrishnana Reddy,FUR-CH-10003061,Furniture,Chairs,"6,201",,,,
AG-0600,Ramakrishnana Reddy,OFF-FA-10000304,Office Supplies,Fasteners,"19,284",,,,
AG-0600,Ramakrishnana Reddy,TEC-PH-10002447,Technology,Phones,"4,346",,,,
AG-0600,Ramakrishnana Reddy,OFF-ST-10000604,Office Supplies,Storage,"57,079",,,,
AG-0600,Ramakrishnana Reddy,OFF-PA-10001569,Office Supplies,Paper,"61,841",,,,
AG-0602,Divya Bakshi,FUR-CH-10003968,Furniture,Chairs,"76,185",,,,
AG-0602,Divya Bakshi,OFF-PA-10000587,Office Supplies,Paper,"68,073",,,,
AG-0602,Divya Bakshi,TEC-AC-10002167,Technology,Accessories,"67,366",,,,
AG-0602,Divya Bakshi,OFF-BI-10001460,Office Supplies,Binders,"71,840",,,,
AG-0602,Divya Bakshi,OFF-AR-10001868,Office Supplies,Art,"72,124",,,,
AG-0633,Keshav Babu,TEC-AC-10004633,Technology,Accessories,"53,241",,,,
AG-0633,Keshav Babu,OFF-BI-10001078,Office Supplies,Binders,"37,575",,,,
AG-0633,Keshav Babu,OFF-PA-10003892,Office Supplies,Paper,"96,870",,,,
AG-0633,Keshav Babu,FUR-FU-10000397,Furniture,Furnishings,"14,824",,,,
AG-0633,Keshav Babu,FUR-CH-10001146,Furniture,Chairs,"36,284",,,,
AG-0633,Keshav Babu,OFF-AR-10002671,Office Supplies,Art,"18,149",,,,
AG-0633,Keshav Babu,TEC-PH-10002726,Technology,Phones,"6,769",,,,
AG-0652,Kunal Arya,OFF-PA-10000482,Office Supplies,Paper,"90,727",,,,
AG-0652,Kunal Arya,OFF-BI-10004654,Office Supplies,Binders,"93,973",,,,
AG-0652,Kunal Arya,OFF-PA-10004675,Office Supplies,Paper,"28,059",,,,
AG-0652,Kunal Arya,FUR-CH-10000513,Furniture,Chairs,"80,806",,,,
AG-0652,Kunal Arya,FUR-FU-10003708,Furniture,Furnishings,"74,171",,,,
AG-0652,Kunal Arya,OFF-ST-10004123,Office Supplies,Storage,"58,797",,,,
AG-0652,Kunal Arya,OFF-BI-10004182,Office Supplies,Binders,"79,820",,,,
AG-0652,Kunal Arya,FUR-FU-10000260,Furniture,Furnishings,"99,273",,,,
AG-0756,Vijya Balakrishnan,OFF-ST-10000615,Office Supplies,Storage,"73,122",,,,
AG-0756,Vijya Balakrishnan,FUR-FU-10003194,Furniture,Furnishings,"78,865",,,,
AG-0756,Vijya Balakrishnan,OFF-AP-10002118,Office Supplies,Appliances,"53,867",,,,
AG-0756,Vijya Balakrishnan,OFF-BI-10002309,Office Supplies,Binders,"62,214",,,,
AG-0756,Vijya Balakrishnan,OFF-AR-10002053,Office Supplies,Art,"61,324",,,,
AG-0768,Mukesh Banerjee,OFF-ST-10002370,Office Supplies,Storage,"61,560",,,,
AG-0768,Mukesh Banerjee,OFF-EN-10000927,Office Supplies,Envelopes,"23,071",,,,
AG-0768,Mukesh Banerjee,OFF-ST-10003656,Office Supplies,Storage,"88,910",,,,
AG-0768,Mukesh Banerjee,FUR-CH-10000863,Furniture,Chairs,"65,636",,,,
AG-0768,Mukesh Banerjee,TEC-AC-10001998,Technology,Accessories,"61,599",,,,
AG-0768,Mukesh Banerjee,OFF-LA-10000134,Office Supplies,Labels,"20,288",,,,
AG-0768,Mukesh Banerjee,OFF-ST-10003442,Office Supplies,Storage,"88,130",,,,
AG-0768,Mukesh Banerjee,OFF-AR-10004930,Office Supplies,Art,"23,612",,,,
AG-0783,Naveen Bhatt,TEC-PH-10004093,Technology,Phones,"45,804",,,,
AG-0783,Naveen Bhatt,OFF-PA-10000304,Office Supplies,Paper,"44,181",,,,
AG-0783,Naveen Bhatt,OFF-PA-10003177,Office Supplies,Paper,"63,770",,,,
AG-0783,Naveen Bhatt,FUR-FU-10003799,Furniture,Furnishings,"62,906",,,,
AG-0783,Naveen Bhatt,OFF-BI-10002852,Office Supplies,Binders,"38,918",,,,
AG-0791,Rishi Kumar,OFF-BI-10004738,Office Supplies,Binders,"23,376",,,,
AG-0791,Rishi Kumar,FUR-FU-10000629,Furniture,Furnishings,"17,718",,,,
AG-0791,Rishi Kumar,OFF-BI-10001721,Office Supplies,Binders,"3,942",,,,
AG-0791,Rishi Kumar,OFF-AP-10000358,Office Supplies,Appliances,"66,471",,,,
AG-0791,Rishi Kumar,OFF-PA-10003256,Office Supplies,Paper,"3,683",,,,
AG-0791,Rishi Kumar,TEC-AC-10001767,Technology,Accessories,"21,111",,,,
AG-0791,Rishi Kumar,OFF-BI-10002609,Office Supplies,Binders,"63,966",,,,
AG-0791,Rishi Kumar,OFF-PA-10004040,Office Supplies,Paper,"24,603",,,,
AG-0862,Baldev Kaushik,TEC-AC-10001552,Technology,Accessories,"54,331",,,,
AG-0862,Baldev Kaushik,FUR-FU-10004006,Furniture,Furnishings,"97,450",,,,
AG-0862,Baldev Kaushik,OFF-BI-10002794,Office Supplies,Binders,"11,833",,,,
AG-0862,Baldev Kaushik,TEC-AC-10003499,Technology,Accessories,"5,151",,,,
AG-0862,Baldev Kaushik,TEC-PH-10002844,Technology,Phones,"96,269",,,,
AG-0862,Baldev Kaushik,OFF-AR-10000390,Office Supplies,Art,"68,695",,,,
AG-0862,Baldev Kaushik,TEC-AC-10000844,Technology,Accessories,"40,887",,,,
AG-0862,Baldev Kaushik,FUR-FU-10001934,Furniture,Furnishings,"72,252",,,,
AG-0862,Baldev Kaushik,OFF-AR-10000380,Office Supplies,Art,"27,105",,,,
AG-0862,Baldev Kaushik,OFF-BI-10003981,Office Supplies,Binders,"30,796",,,,
AG-2352,Vicky Anand,OFF-FA-10000621,Office Supplies,Fasteners,15657,,,,
AG-2352,Vicky Anand,OFF-EN-10002600,Office Supplies,Envelopes,14966,,,,
AG-2352,Vicky Anand,OFF-PA-10004965,Office Supplies,Paper,21678,,,,
AG-2352,Vicky Anand,OFF-EN-10002504,Office Supplies,Envelopes,45480,,,,
AG-2352,Vicky Anand,FUR-TA-10001768,Furniture,Tables,27234,,,,
AG-2352,Vicky Anand,OFF-BI-10003650,Office Supplies,Binders,23290,,,,
AG-2352,Vicky Anand,FUR-FU-10002157,Furniture,Furnishings,27400,,,,
AG-2352,Vicky Anand,OFF-BI-10003910,Office Supplies,Binders,43033,,,,
AG-2352,Vicky Anand,OFF-ST-10000777,Office Supplies,Storage,20117,,,,
AG-2352,Vicky Anand,OFF-EN-10002500,Office Supplies,Envelopes,11180,,,,
AG-8796,Vishal Ahuja,TEC-PH-10003875,Technology,Phones,5628,,,,
AG-8796,Vishal Ahuja,FUR-CH-10004063,Furniture,Chairs,47908,,,,
AG-8796,Vishal Ahuja,FUR-TA-10004534,Furniture,Tables,48737,,,,
AG-8796,Vishal Ahuja,OFF-BI-10003274,Office Supplies,Binders,8166,,,,
AG-8796,Vishal Ahuja,OFF-ST-10002974,Office Supplies,Storage,10105,,,,
AG-8796,Vishal Ahuja,FUR-CH-10001146,Furniture,Chairs,25680,,,,
AG-8796,Vishal Ahuja,FUR-FU-10003773,Furniture,Furnishings,26865,,,,
AG-8796,Vishal Ahuja,TEC-PH-10002293,Technology,Phones,46894,,,,
AG-8796,Vishal Ahuja,OFF-PA-10002377,Office Supplies,Paper,30294,,,,
AG-8796,Vishal Ahuja,OFF-FA-10002780,Office Supplies,Fasteners,33733,,,,
AG-8521,Rishabh Rath,OFF-PA-10001804,Office Supplies,Paper,48009,,,,
AG-8521,Rishabh Rath,OFF-PA-10001736,Office Supplies,Paper,36749,,,,
AG-8521,Rishabh Rath,OFF-AR-10001149,Office Supplies,Art,6452,,,,
AG-8521,Rishabh Rath,OFF-FA-10002988,Office Supplies,Fasteners,12972,,,,
AG-8521,Rishabh Rath,OFF-BI-10004781,Office Supplies,Binders,23181,,,,
AG-8521,Rishabh Rath,OFF-SU-10001218,Office Supplies,Supplies,29847,,,,
AG-8521,Rishabh Rath,FUR-FU-10001706,Furniture,Furnishings,4071,,,,
AG-8521,Rishabh Rath,FUR-FU-10004848,Furniture,Furnishings,28915,,,,
AG-8521,Rishabh Rath,OFF-AR-10000940,Office Supplies,Art,27010,,,,
AG-8521,Rishabh Rath,OFF-EN-10004030,Office Supplies,Envelopes,29543,,,,
AG-8521,Rishabh Rath,OFF-PA-10004327,Office Supplies,Paper,47350,,,,
AG-7569,Tirtho Vani,OFF-AP-10001058,Office Supplies,Appliances,36821,,,,
AG-7569,Tirtho Vani,OFF-ST-10003656,Office Supplies,Storage,20224,,,,
AG-7569,Tirtho Vani,FUR-FU-10000521,Furniture,Furnishings,16085,,,,
AG-7569,Tirtho Vani,TEC-PH-10000215,Technology,Phones,11760,,,,
AG-7569,Tirtho Vani,TEC-PH-10001448,Technology,Phones,23947,,,,
AG-7569,Tirtho Vani,FUR-CH-10000454,Furniture,Chairs,19202,,,,
AG-7569,Tirtho Vani,OFF-BI-10002735,Office Supplies,Binders,3157,,,,
AG-7569,Tirtho Vani,OFF-AP-10000326,Office Supplies,Appliances,2909,,,,
AG-7569,Tirtho Vani,TEC-PH-10001254,Technology,Phones,25539,,,,
AG-7569,Tirtho Vani,OFF-PA-10001950,Office Supplies,Paper,35506,,,,
AG-7569,Tirtho Vani,OFF-PA-10002254,Office Supplies,Paper,46287,,,,
AG-7569,Tirtho Vani,OFF-ST-10001590,Office Supplies,Storage,24478,,,,
AG-7005,Meera Patel,OFF-AR-10001547,Office Supplies,Art,7012,,,,
AG-7005,Meera Patel,FUR-CH-10004063,Furniture,Chairs,8845,,,,
AG-7005,Meera Patel,OFF-LA-10002475,Office Supplies,Labels,27054,,,,
AG-7005,Meera Patel,TEC-PH-10004536,Technology,Phones,31964,,,,
AG-7005,Meera Patel,OFF-PA-10002751,Office Supplies,Paper,6120,,,,
AG-7005,Meera Patel,TEC-AC-10003657,Technology,Accessories,31848,,,,
AG-7005,Meera Patel,OFF-EN-10001990,Office Supplies,Envelopes,19111,,,,
AG-7005,Meera Patel,OFF-BI-10004002,Office Supplies,Binders,45224,,,,
AG-7005,Meera Patel,OFF-AR-10004441,Office Supplies,Art,13910,,,,
AG-7005,Meera Patel,TEC-MA-10000822,Technology,Machines,49295,,,,
AG-7005,Meera Patel,OFF-ST-10000991,Office Supplies,Storage,1821,,,,
AG-7341,Vishal Ahuja,FUR-CH-10004287,Furniture,Chairs,33942,,,,
AG-7341,Vishal Ahuja,OFF-AR-10002656,Office Supplies,Art,25634,,,,
AG-7341,Vishal Ahuja,OFF-AP-10002518,Office Supplies,Appliances,47910,,,,
AG-7341,Vishal Ahuja,TEC-PH-10003931,Technology,Phones,34944,,,,
AG-7341,Vishal Ahuja,OFF-PA-10000659,Office Supplies,Paper,10700,,,,
AG-7341,Vishal Ahuja,OFF-PA-10001144,Office Supplies,Paper,10955,,,,
AG-7341,Vishal Ahuja,FUR-CH-10003817,Furniture,Chairs,15898,,,,
AG-7341,Vishal Ahuja,OFF-AP-10000891,Office Supplies,Appliances,34339,,,,
AG-7341,Vishal Ahuja,OFF-LA-10003148,Office Supplies,Labels,5458,,,,
AG-7341,Vishal Ahuja,OFF-AP-10002684,Office Supplies,Appliances,4382,,,,
AG-7341,Vishal Ahuja,FUR-CH-10004698,Furniture,Chairs,15703,,,,
AG-8258,Meera Patel,OFF-SU-10002189,Office Supplies,Supplies,23037,,,,
AG-8258,Meera Patel,OFF-AR-10001940,Office Supplies,Art,31683,,,,
AG-8258,Meera Patel,OFF-ST-10003455,Office Supplies,Storage,30503,,,,
AG-8258,Meera Patel,TEC-AC-10004659,Technology,Accessories,9410,,,,
AG-8258,Meera Patel,TEC-PH-10003273,Technology,Phones,39786,,,,
AG-8258,Meera Patel,TEC-PH-10004896,Technology,Phones,35953,,,,
AG-8258,Meera Patel,TEC-AC-10002345,Technology,Accessories,35004,,,,
AG-8258,Meera Patel,OFF-BI-10001890,Office Supplies,Binders,30504,,,,
AG-8258,Meera Patel,TEC-AC-10002323,Technology,Accessories,569,,,,
AG-8258,Meera Patel,OFF-ST-10001328,Office Supplies,Storage,46251,,,,
AG-8258,Meera Patel,OFF-PA-10001950,Office Supplies,Paper,32568,,,,
AG-8068,Dev Mehta,FUR-BO-10002613,Furniture,Bookcases,2847,,,,
AG-8068,Dev Mehta,TEC-PH-10001552,Technology,Phones,13700,,,,
AG-8068,Dev Mehta,OFF-PA-10000061,Office Supplies,Paper,8172,,,,
AG-8068,Dev Mehta,FUR-BO-10002545,Furniture,Bookcases,3738,,,,
AG-8068,Dev Mehta,OFF-AR-10003514,Office Supplies,Art,2896,,,,
AG-8068,Dev Mehta,OFF-EN-10001509,Office Supplies,Envelopes,47176,,,,
AG-8068,Dev Mehta,OFF-AR-10004685,Office Supplies,Art,8707,,,,
AG-8068,Dev Mehta,OFF-AR-10004027,Office Supplies,Art,7341,,,,
AG-8068,Dev Mehta,OFF-ST-10001414,Office Supplies,Storage,13215,,,,
AG-8068,Dev Mehta,OFF-BI-10000343,Office Supplies,Binders,35444,,,,
AG-8068,Dev Mehta,OFF-PA-10002749,Office Supplies,Paper,37074,,,,
AG-8857,Aakash Gupta,OFF-PA-10002666,Office Supplies,Paper,6911,,,,
AG-8857,Aakash Gupta,FUR-TA-10004289,Furniture,Tables,36445,,,,
AG-8857,Aakash Gupta,OFF-AP-10003622,Office Supplies,Appliances,30425,,,,
AG-8857,Aakash Gupta,OFF-AP-10003217,Office Supplies,Appliances,39359,,,,
AG-8857,Aakash Gupta,FUR-FU-10002960,Furniture,Furnishings,14190,,,,
AG-8857,Aakash Gupta,TEC-PH-10001918,Technology,Phones,34218,,,,
AG-8857,Aakash Gupta,OFF-ST-10000642,Office Supplies,Storage,39204,,,,
AG-8857,Aakash Gupta,TEC-PH-10001700,Technology,Phones,33813,,,,
AG-8857,Aakash Gupta,OFF-BI-10003274,Office Supplies,Binders,47275,,,,
AG-8857,Aakash Gupta,OFF-FA-10000134,Office Supplies,Fasteners,30269,,,,
AG-8857,Aakash Gupta,OFF-ST-10001522,Office Supplies,Storage,45281,,,,
AG-8024,Neha Kapoor,TEC-AC-10001266,Technology,Accessories,5480,,,,
AG-8024,Neha Kapoor,OFF-LA-10004544,Office Supplies,Labels,19138,,,,
AG-8024,Neha Kapoor,FUR-BO-10004695,Furniture,Bookcases,13290,,,,
AG-8024,Neha Kapoor,TEC-PH-10002844,Technology,Phones,37297,,,,
AG-8024,Neha Kapoor,TEC-MA-10000864,Technology,Machines,35169,,,,
AG-8024,Neha Kapoor,TEC-AC-10000109,Technology,Accessories,33040,,,,
AG-8024,Neha Kapoor,OFF-ST-10001328,Office Supplies,Storage,9805,,,,
AG-8024,Neha Kapoor,TEC-PH-10002563,Technology,Phones,28383,,,,
AG-8024,Neha Kapoor,OFF-FA-10000585,Office Supplies,Fasteners,8345,,,,
AG-8024,Neha Kapoor,OFF-PA-10004000,Office Supplies,Paper,589,,,,
AG-8024,Neha Kapoor,OFF-BI-10002852,Office Supplies,Binders,18486,,,,
AG-8298,Ananya Sen,FUR-FU-10000087,Furniture,Furnishings,28649,,,,
AG-8298,Ananya Sen,TEC-MA-10001148,Technology,Machines,6171,,,,
AG-8298,Ananya Sen,OFF-AR-10001958,Office Supplies,Art,24119,,,,
AG-8298,Ananya Sen,OFF-AR-10001026,Office Supplies,Art,32456,,,,
AG-8298,Ananya Sen,FUR-TA-10003748,Furniture,Tables,40313,,,,
AG-8298,Ananya Sen,OFF-ST-10002485,Office Supplies,Storage,36533,,,,
AG-8298,Ananya Sen,FUR-CH-10004860,Furniture,Chairs,29467,,,,
AG-8298,Ananya Sen,FUR-CH-10004477,Furniture,Chairs,35530,,,,
AG-8298,Ananya Sen,OFF-BI-10001679,Office Supplies,Binders,39582,,,,
AG-8298,Ananya Sen,FUR-TA-10001705,Furniture,Tables,30693,,,,
AG-8298,Ananya Sen,FUR-TA-10003473,Furniture,Tables,47749,,,,
AG-8064,Rishabh Rath,OFF-BI-10001679,Office Supplies,Binders,32317,,,,
AG-8064,Rishabh Rath,FUR-FU-10004017,Furniture,Furnishings,12676,,,,
AG-8064,Rishabh Rath,TEC-AC-10003832,Technology,Accessories,37025,,,,
AG-8064,Rishabh Rath,OFF-PA-10002479,Office Supplies,Paper,49968,,,,
AG-8064,Rishabh Rath,OFF-PA-10003349,Office Supplies,Paper,33579,,,,
AG-8064,Rishabh Rath,FUR-FU-10000576,Furniture,Furnishings,7329,,,,
AG-8064,Rishabh Rath,FUR-FU-10004351,Furniture,Furnishings,7109,,,,
AG-8064,Rishabh Rath,TEC-PH-10000011,Technology,Phones,4296,,,,
AG-8064,Rishabh Rath,FUR-TA-10002607,Furniture,Tables,40974,,,,
AG-8064,Rishabh Rath,FUR-FU-10002505,Furniture,Furnishings,20103,,,,
AG-8064,Rishabh Rath,OFF-AR-10004685,Office Supplies,Art,7462,,,,
AG-7454,Priya Desai,FUR-CH-10004063,Furniture,Chairs,11486,,,,
AG-7454,Priya Desai,OFF-ST-10002276,Office Supplies,Storage,8103,,,,
AG-7454,Priya Desai,OFF-PA-10004082,Office Supplies,Paper,45164,,,,
AG-7454,Priya Desai,OFF-AP-10002945,Office Supplies,Appliances,48822,,,,
AG-7454,Priya Desai,OFF-PA-10000061,Office Supplies,Paper,40851,,,,
AG-7454,Priya Desai,FUR-CH-10002965,Furniture,Chairs,29180,,,,
AG-7454,Priya Desai,OFF-PA-10004569,Office Supplies,Paper,39579,,,,
AG-7454,Priya Desai,TEC-AC-10003832,Technology,Accessories,9096,,,,
AG-7454,Priya Desai,OFF-ST-10001228,Office Supplies,Storage,23863,,,,
AG-7454,Priya Desai,OFF-EN-10003296,Office Supplies,Envelopes,49544,,,,
AG-7454,Priya Desai,FUR-FU-10002505,Furniture,Furnishings,18805,,,,
AG-7843,Isha Roy,OFF-ST-10004804,Office Supplies,Storage,13001,,,,
AG-7843,Isha Roy,OFF-ST-10001590,Office Supplies,Storage,40599,,,,
AG-7843,Isha Roy,TEC-PH-10001580,Technology,Phones,17004,,,,
AG-7843,Isha Roy,TEC-AC-10000290,Technology,Accessories,3029,,,,
AG-7843,Isha Roy,OFF-ST-10002790,Office Supplies,Storage,5220,,,,
AG-7843,Isha Roy,OFF-BI-10003460,Office Supplies,Binders,5411,,,,
AG-7843,Isha Roy,OFF-AP-10002203,Office Supplies,Appliances,28815,,,,
AG-7843,Isha Roy,TEC-MA-10000822,Technology,Machines,15541,,,,
AG-7843,Isha Roy,TEC-MA-10003353,Technology,Machines,17618,,,,
AG-7843,Isha Roy,TEC-PH-10001433,Technology,Phones,23249,,,,
AG-7843,Isha Roy,TEC-AC-10004469,Technology,Accessories,40715,,,,
AG-8078,Kiran Rao,OFF-AR-10003602,Office Supplies,Art,22065,,,,
AG-8078,Kiran Rao,OFF-FA-10003472,Office Supplies,Fasteners,3695,,,,
AG-8078,Kiran Rao,OFF-ST-10004180,Office Supplies,Storage,6798,,,,
AG-8078,Kiran Rao,OFF-EN-10004386,Office Supplies,Envelopes,45618,,,,
AG-8078,Kiran Rao,OFF-ST-10003208,Office Supplies,Storage,45166,,,,
AG-8078,Kiran Rao,TEC-AC-10003628,Technology,Accessories,42278,,,,
AG-8078,Kiran Rao,FUR-FU-10003274,Furniture,Furnishings,19347,,,,
AG-8078,Kiran Rao,OFF-BI-10002557,Office Supplies,Binders,16541,,,,
AG-8078,Kiran Rao,OFF-PA-10002615,Office Supplies,Paper,38196,,,,
AG-8078,Kiran Rao,OFF-AR-10001427,Office Supplies,Art,9240,,,,
AG-8078,Kiran Rao,OFF-PA-10000673,Office Supplies,Paper,22160,,,,
AG-8262,Tirtho Vani,OFF-PA-10004470,Office Supplies,Paper,2885,,,,
AG-8262,Tirtho Vani,OFF-ST-10000876,Office Supplies,Storage,43046,,,,
AG-8262,Tirtho Vani,OFF-LA-10002043,Office Supplies,Labels,36874,,,,
AG-8262,Tirtho Vani,OFF-BI-10004967,Office Supplies,Binders,23764,,,,
AG-8262,Tirtho Vani,TEC-PH-10001760,Technology,Phones,26091,,,,
AG-8262,Tirtho Vani,FUR-TA-10002903,Furniture,Tables,10103,,,,
AG-8262,Tirtho Vani,OFF-PA-10000474,Office Supplies,Paper,16277,,,,
AG-8262,Tirtho Vani,TEC-AC-10001956,Technology,Accessories,19642,,,,
AG-8262,Tirtho Vani,OFF-PA-10004100,Office Supplies,Paper,34623,,,,
AG-8262,Tirtho Vani,OFF-BI-10000778,Office Supplies,Binders,32538,,,,
AG-8262,Tirtho Vani,OFF-AP-10002684,Office Supplies,Appliances,26445,,,,
AG-8671,Kunal Mishra,OFF-SU-10000646,Office Supplies,Supplies,3045,,,,
AG-8671,Kunal Mishra,OFF-FA-10002983,Office Supplies,Fasteners,32044,,,,
AG-8671,Kunal Mishra,OFF-LA-10004689,Office Supplies,Labels,33083,,,,
AG-8671,Kunal Mishra,TEC-AC-10002001,Technology,Accessories,21954,,,,
AG-8671,Kunal Mishra,FUR-BO-10004709,Furniture,Bookcases,6483,,,,
AG-8671,Kunal Mishra,FUR-FU-10004091,Furniture,Furnishings,46785,,,,
AG-8671,Kunal Mishra,FUR-CH-10001891,Furniture,Chairs,16819,,,,
AG-8671,Kunal Mishra,FUR-FU-10002918,Furniture,Furnishings,47457,,,,
AG-8671,Kunal Mishra,OFF-BI-10004593,Office Supplies,Binders,6914,,,,
AG-8671,Kunal Mishra,OFF-FA-10004854,Office Supplies,Fasteners,24959,,,,
AG-8671,Kunal Mishra,OFF-PA-10002105,Office Supplies,Paper,17451,,,,
AG-8157,Priya Desai,OFF-ST-10002756,Office Supplies,Storage,30115,,,,
AG-8157,Priya Desai,OFF-PA-10004243,Office Supplies,Paper,37051,,,,
AG-8157,Priya Desai,FUR-FU-10001861,Furniture,Furnishings,32498,,,,
AG-8157,Priya Desai,OFF-BI-10002706,Office Supplies,Binders,14949,,,,
AG-8157,Priya Desai,FUR-TA-10002533,Furniture,Tables,12557,,,,
AG-8157,Priya Desai,FUR-FU-10002671,Furniture,Furnishings,30289,,,,
AG-8157,Priya Desai,OFF-AR-10003651,Office Supplies,Art,48245,,,,
AG-8157,Priya Desai,OFF-BI-10001072,Office Supplies,Binders,3896,,,,
AG-8157,Priya Desai,OFF-AR-10002135,Office Supplies,Art,32429,,,,
AG-8157,Priya Desai,OFF-AR-10002804,Office Supplies,Art,17479,,,,
AG-8157,Priya Desai,FUR-FU-10001918,Furniture,Furnishings,21620,,,,
AG-7428,Isha Roy,FUR-CH-10004086,Furniture,Chairs,6787,,,,
AG-7428,Isha Roy,FUR-FU-10001756,Furniture,Furnishings,24283,,,,
AG-7428,Isha Roy,OFF-LA-10000634,Office Supplies,Labels,20302,,,,
AG-7428,Isha Roy,FUR-FU-10001588,Furniture,Furnishings,4407,,,,
AG-7428,Isha Roy,TEC-PH-10002398,Technology,Phones,15072,,,,
AG-7428,Isha Roy,OFF-PA-10001937,Office Supplies,Paper,43035,,,,
AG-7428,Isha Roy,OFF-AR-10003373,Office Supplies,Art,45606,,,,
AG-7428,Isha Roy,FUR-CH-10002602,Furniture,Chairs,28625,,,,
AG-7428,Isha Roy,TEC-MA-10002927,Technology,Machines,14542,,,,
AG-7428,Isha Roy,TEC-PH-10004093,Technology,Phones,33884,,,,
AG-7428,Isha Roy,TEC-AC-10000892,Technology,Accessories,34163,,,,
AG-8130,Kunal Mishra,OFF-ST-10002974,Office Supplies,Storage,22479,,,,
AG-8130,Kunal Mishra,OFF-FA-10000624,Office Supplies,Fasteners,13332,,,,
AG-8130,Kunal Mishra,OFF-BI-10004593,Office Supplies,Binders,11877,,,,
AG-8130,Kunal Mishra,TEC-AC-10001908,Technology,Accessories,44596,,,,
AG-8130,Kunal Mishra,FUR-FU-10001967,Furniture,Furnishings,42330,,,,
AG-8130,Kunal Mishra,TEC-PH-10003645,Technology,Phones,22179,,,,
AG-8130,Kunal Mishra,OFF-ST-10000675,Office Supplies,Storage,35794,,,,
AG-8130,Kunal Mishra,FUR-CH-10003312,Furniture,Chairs,776,,,,
AG-8130,Kunal Mishra,OFF-LA-10001074,Office Supplies,Labels,22653,,,,
AG-8130,Kunal Mishra,OFF-BI-10001524,Office Supplies,Binders,2464,,,,
AG-8130,Kunal Mishra,TEC-PH-10004614,Technology,Phones,34942,,,,
AG-8477,Aditi Sharma,OFF-BI-10001153,Office Supplies,Binders,48807,,,,
AG-8477,Aditi Sharma,OFF-BI-10001982,Office Supplies,Binders,38138,,,,
AG-8477,Aditi Sharma,OFF-BI-10001922,Office Supplies,Binders,15827,,,,
AG-8477,Aditi Sharma,TEC-CO-10001449,Technology,Copiers,10370,,,,
AG-8477,Aditi Sharma,OFF-BI-10004140,Office Supplies,Binders,49772,,,,
AG-8477,Aditi Sharma,OFF-BI-10003314,Office Supplies,Binders,40918,,,,
AG-8477,Aditi Sharma,FUR-TA-10004575,Furniture,Tables,16587,,,,
AG-8477,Aditi Sharma,OFF-FA-10000490,Office Supplies,Fasteners,25989,,,,
AG-8477,Aditi Sharma,OFF-AR-10000122,Office Supplies,Art,9284,,,,
AG-8477,Aditi Sharma,OFF-BI-10003656,Office Supplies,Binders,26270,,,,
AG-8477,Aditi Sharma,OFF-FA-10002780,Office Supplies,Fasteners,45223,,,,
AG-7030,Rohan Singh,TEC-PH-10000702,Technology,Phones,33081,,,,
AG-7030,Rohan Singh,OFF-ST-10000107,Office Supplies,Storage,15107,,,,
AG-7030,Rohan Singh,TEC-PH-10002293,Technology,Phones,17667,,,,
AG-7030,Rohan Singh,OFF-AR-10004027,Office Supplies,Art,13289,,,,
AG-7030,Rohan Singh,OFF-PA-10000249,Office Supplies,Paper,27762,,,,
AG-7030,Rohan Singh,OFF-AR-10001374,Office Supplies,Art,8706,,,,
AG-7030,Rohan Singh,TEC-AC-10000290,Technology,Accessories,43656,,,,
AG-7030,Rohan Singh,OFF-PA-10001970,Office Supplies,Paper,26069,,,,
AG-7030,Rohan Singh,OFF-BI-10002160,Office Supplies,Binders,17786,,,,
AG-7030,Rohan Singh,OFF-PA-10001970,Office Supplies,Paper,11024,,,,
AG-7030,Rohan Singh,OFF-BI-10004995,Office Supplies,Binders,36163,,,,
AG-7694,Isha Roy,FUR-BO-10002268,Furniture,Bookcases,13592,,,,
AG-7694,Isha Roy,OFF-EN-10001137,Office Supplies,Envelopes,13991,,,,
AG-7694,Isha Roy,OFF-AR-10002399,Office Supplies,Art,19312,,,,
AG-7694,Isha Roy,OFF-PA-10002713,Office Supplies,Paper,8802,,,,
AG-7694,Isha Roy,OFF-PA-10002666,Office Supplies,Paper,45050,,,,
AG-7694,Isha Roy,OFF-AP-10001124,Office Supplies,Appliances,16740,,,,
AG-7694,Isha Roy,OFF-LA-10001158,Office Supplies,Labels,36794,,,,
AG-7694,Isha Roy,OFF-LA-10001158,Office Supplies,Labels,20311,,,,
AG-7694,Isha Roy,FUR-CH-10000785,Furniture,Chairs,11699,,,,
AG-7694,Isha Roy,OFF-AR-10003732,Office Supplies,Art,20015,,,,
AG-7694,Isha Roy,FUR-FU-10000023,Furniture,Furnishings,9913,,,,
AG-7415,Ananya Sen,OFF-ST-10001713,Office Supplies,Storage,31237,,,,
AG-7415,Ananya Sen,OFF-BI-10002412,Office Supplies,Binders,3905,,,,
AG-7415,Ananya Sen,OFF-SU-10001225,Office Supplies,Supplies,36311,,,,
AG-7415,Ananya Sen,OFF-ST-10002406,Office Supplies,Storage,30846,,,,
AG-7415,Ananya Sen,FUR-BO-10002545,Furniture,Bookcases,43975,,,,
AG-7415,Ananya Sen,OFF-PA-10002036,Office Supplies,Paper,28201,,,,
AG-7415,Ananya Sen,OFF-ST-10002205,Office Supplies,Storage,29530,,,,
AG-7415,Ananya Sen,OFF-BI-10001982,Office Supplies,Binders,24824,,,,
AG-7415,Ananya Sen,TEC-AC-10003911,Technology,Accessories,14625,,,,
AG-7415,Ananya Sen,OFF-AR-10000658,Office Supplies,Art,13846,,,,
AG-7415,Ananya Sen,TEC-AC-10002076,Technology,Accessories,16889,,,,
AG-7659,Neha Kapoor,OFF-PA-10003039,Office Supplies,Paper,10028,,,,
AG-7659,Neha Kapoor,FUR-TA-10004915,Furniture,Tables,49041,,,,
AG-7659,Neha Kapoor,OFF-AP-10000696,Office Supplies,Appliances,40423,,,,
AG-7659,Neha Kapoor,OFF-ST-10003327,Office Supplies,Storage,12577,,,,
AG-7659,Neha Kapoor,OFF-BI-10000309,Office Supplies,Binders,43370,,,,
AG-7659,Neha Kapoor,OFF-PA-10004734,Office Supplies,Paper,45797,,,,
AG-7659,Neha Kapoor,OFF-BI-10002225,Office Supplies,Binders,32959,,,,
AG-7659,Neha Kapoor,TEC-AC-10004708,Technology,Accessories,22325,,,,
AG-7659,Neha Kapoor,FUR-TA-10000617,Furniture,Tables,25997,,,,
AG-7659,Neha Kapoor,TEC-AC-10002335,Technology,Accessories,6813,,,,
AG-7659,Neha Kapoor,TEC-MA-10001681,Technology,Machines,42595,,,,
AG-7602,Kiran Rao,FUR-FU-10001935,Furniture,Furnishings,41897,,,,
AG-7602,Kiran Rao,OFF-AR-10004757,Office Supplies,Art,19347,,,,
AG-7602,Kiran Rao,OFF-BI-10000050,Office Supplies,Binders,36153,,,,
AG-7602,Kiran Rao,TEC-AC-10001998,Technology,Accessories,20861,,,,
AG-7602,Kiran Rao,TEC-PH-10003012,Technology,Phones,44329,,,,
AG-7602,Kiran Rao,TEC-CO-10002313,Technology,Copiers,10932,,,,
AG-7602,Kiran Rao,OFF-BI-10003982,Office Supplies,Binders,36007,,,,
AG-7602,Kiran Rao,OFF-BI-10004492,Office Supplies,Binders,5310,,,,
AG-7602,Kiran Rao,OFF-ST-10000798,Office Supplies,Storage,4447,,,,
AG-7602,Kiran Rao,OFF-PA-10002552,Office Supplies,Paper,40289,,,,
AG-7602,Kiran Rao,OFF-SU-10002573,Office Supplies,Supplies,48773,,,,
AG-7537,Siddharth Mehta,OFF-ST-10001580,Office Supplies,Storage,16444,,,,
AG-7537,Siddharth Mehta,FUR-BO-10004834,Furniture,Bookcases,1078,,,,
AG-7537,Siddharth Mehta,OFF-ST-10000934,Office Supplies,Storage,14790,,,,
AG-7537,Siddharth Mehta,TEC-AC-10000158,Technology,Accessories,41915,,,,
AG-7537,Siddharth Mehta,OFF-PA-10001947,Office Supplies,Paper,28933,,,,
AG-7537,Siddharth Mehta,OFF-AR-10003478,Office Supplies,Art,45012,,,,
AG-7537,Siddharth Mehta,OFF-AP-10004249,Office Supplies,Appliances,40573,,,,
AG-7537,Siddharth Mehta,TEC-AC-10000158,Technology,Accessories,21436,,,,
AG-7537,Siddharth Mehta,TEC-CO-10004115,Technology,Copiers,24285,,,,
AG-7537,Siddharth Mehta,OFF-PA-10003724,Office Supplies,Paper,30687,,,,
AG-7537,Siddharth Mehta,FUR-TA-10002041,Furniture,Tables,19224,,,,
AG-8686,Rishabh Rath,OFF-PA-10002893,Office Supplies,Paper,10272,,,,
AG-8686,Rishabh Rath,OFF-LA-10003766,Office Supplies,Labels,29855,,,,
AG-8686,Rishabh Rath,OFF-PA-10001970,Office Supplies,Paper,22259,,,,
AG-8686,Rishabh Rath,FUR-BO-10001972,Furniture,Bookcases,36592,,,,
AG-8686,Rishabh Rath,FUR-CH-10003956,Furniture,Chairs,23854,,,,
AG-8686,Rishabh Rath,OFF-PA-10000157,Office Supplies,Paper,13587,,,,
AG-8686,Rishabh Rath,FUR-CH-10001891,Furniture,Chairs,17664,,,,
AG-8686,Rishabh Rath,OFF-AR-10004344,Office Supplies,Art,21510,,,,
AG-8686,Rishabh Rath,FUR-CH-10004886,Furniture,Chairs,45127,,,,
AG-8686,Rishabh Rath,OFF-PA-10003845,Office Supplies,Paper,49501,,,,
AG-8686,Rishabh Rath,OFF-AR-10001573,Office Supplies,Art,42953,,,,
AG-7003,Sanya Roy,OFF-EN-10000483,Office Supplies,Envelopes,23743,,,,
AG-7003,Sanya Roy,TEC-AC-10004114,Technology,Accessories,3971,,,,
AG-7003,Sanya Roy,FUR-FU-10004712,Furniture,Furnishings,33327,,,,
AG-7003,Sanya Roy,OFF-ST-10000918,Office Supplies,Storage,33746,,,,
AG-7003,Sanya Roy,FUR-CH-10000015,Furniture,Chairs,37330,,,,
AG-7003,Sanya Roy,FUR-FU-10003347,Furniture,Furnishings,6013,,,,
AG-7003,Sanya Roy,OFF-BI-10001543,Office Supplies,Binders,17433,,,,
AG-7003,Sanya Roy,TEC-MA-10000029,Technology,Machines,37960,,,,
AG-7003,Sanya Roy,OFF-AR-10000369,Office Supplies,Art,24792,,,,
AG-7003,Sanya Roy,OFF-BI-10004584,Office Supplies,Binders,25110,,,,
AG-7003,Sanya Roy,TEC-AC-10004659,Technology,Accessories,23069,,,,
AG-8792,Siddharth Mehta,TEC-AC-10004659,Technology,Accessories,49968,,,,
AG-8792,Siddharth Mehta,OFF-ST-10000617,Office Supplies,Storage,40654,,,,
AG-8792,Siddharth Mehta,OFF-ST-10003306,Office Supplies,Storage,46712,,,,
AG-8792,Siddharth Mehta,OFF-BI-10000773,Office Supplies,Binders,34873,,,,
AG-8792,Siddharth Mehta,TEC-AC-10002600,Technology,Accessories,21457,,,,
AG-8792,Siddharth Mehta,TEC-MA-10002937,Technology,Machines,6968,,,,
AG-8792,Siddharth Mehta,OFF-PA-10001970,Office Supplies,Paper,48448,,,,
AG-8792,Siddharth Mehta,OFF-PA-10002230,Office Supplies,Paper,44535,,,,
AG-8792,Siddharth Mehta,FUR-CH-10003396,Furniture,Chairs,27933,,,,
AG-8792,Siddharth Mehta,FUR-FU-10000246,Furniture,Furnishings,46034,,,,
AG-8792,Siddharth Mehta,OFF-ST-10000060,Office Supplies,Storage,11599,,,,
AG-7076,Rohan Singh,OFF-ST-10003058,Office Supplies,Storage,45604,,,,
AG-7076,Rohan Singh,OFF-PA-10002222,Office Supplies,Paper,28910,,,,
AG-7076,Rohan Singh,FUR-CH-10002372,Furniture,Chairs,25836,,,,
AG-7076,Rohan Singh,OFF-LA-10001317,Office Supplies,Labels,5132,,,,
AG-7076,Rohan Singh,FUR-FU-10000206,Furniture,Furnishings,33384,,,,
AG-7076,Rohan Singh,OFF-AR-10000588,Office Supplies,Art,23620,,,,
AG-7076,Rohan Singh,OFF-ST-10001469,Office Supplies,Storage,9993,,,,
AG-7076,Rohan Singh,OFF-AR-10001953,Office Supplies,Art,13643,,,,
AG-7076,Rohan Singh,OFF-AR-10003156,Office Supplies,Art,16038,,,,
AG-7076,Rohan Singh,OFF-AR-10004974,Office Supplies,Art,38099,,,,
AG-7076,Rohan Singh,TEC-PH-10002365,Technology,Phones,13038,,,,
AG-8795,Vishal Ahuja,FUR-TA-10001539,Furniture,Tables,5757,,,,
AG-8795,Vishal Ahuja,OFF-ST-10000142,Office Supplies,Storage,35284,,,,
AG-8795,Vishal Ahuja,TEC-AC-10001772,Technology,Accessories,41550,,,,
AG-8795,Vishal Ahuja,FUR-CH-10000225,Furniture,Chairs,20077,,,,
AG-8795,Vishal Ahuja,FUR-CH-10002331,Furniture,Chairs,23027,,,,
AG-8795,Vishal Ahuja,OFF-EN-10001415,Office Supplies,Envelopes,9868,,,,
AG-8795,Vishal Ahuja,OFF-AP-10002472,Office Supplies,Appliances,4002,,,,
AG-8795,Vishal Ahuja,TEC-AC-10004571,Technology,Accessories,48864,,,,
AG-8795,Vishal Ahuja,OFF-BI-10001098,Office Supplies,Binders,21757,,,,
AG-8795,Vishal Ahuja,FUR-FU-10000023,Furniture,Furnishings,41193,,,,
AG-8795,Vishal Ahuja,FUR-TA-10001889,Furniture,Tables,35279,,,,
AG-7370,Aarav Sharma,OFF-BI-10000315,Office Supplies,Binders,4325,,,,
AG-7370,Aarav Sharma,OFF-SU-10003505,Office Supplies,Supplies,36447,,,,
AG-7370,Aarav Sharma,OFF-AP-10002578,Office Supplies,Appliances,27523,,,,
AG-7370,Aarav Sharma,FUR-FU-10002918,Furniture,Furnishings,16396,,,,
AG-7370,Aarav Sharma,FUR-BO-10002824,Furniture,Bookcases,31906,,,,
AG-7370,Aarav Sharma,OFF-BI-10002194,Office Supplies,Binders,25465,,,,
AG-7370,Aarav Sharma,OFF-PA-10004071,Office Supplies,Paper,36271,,,,
AG-7370,Aarav Sharma,OFF-ST-10002743,Office Supplies,Storage,27009,,,,
AG-7370,Aarav Sharma,FUR-BO-10001601,Furniture,Bookcases,1705,,,,
AG-7370,Aarav Sharma,TEC-PH-10002680,Technology,Phones,10615,,,,
AG-7370,Aarav Sharma,OFF-ST-10001321,Office Supplies,Storage,12606,,,,
AG-7077,Tirtho Vani,OFF-PA-10001509,Office Supplies,Paper,34578,,,,
AG-7077,Tirtho Vani,OFF-PA-10003465,Office Supplies,Paper,43905,,,,
AG-7077,Tirtho Vani,TEC-PH-10000149,Technology,Phones,30357,,,,
AG-7077,Tirtho Vani,FUR-FU-10002671,Furniture,Furnishings,14242,,,,
AG-7077,Tirtho Vani,OFF-AR-10003045,Office Supplies,Art,13926,,,,
AG-7077,Tirtho Vani,OFF-ST-10000689,Office Supplies,Storage,10794,,,,
AG-7077,Tirtho Vani,TEC-AC-10001445,Technology,Accessories,20201,,,,
AG-7077,Tirtho Vani,OFF-AR-10002053,Office Supplies,Art,46338,,,,
AG-7077,Tirtho Vani,TEC-AC-10002567,Technology,Accessories,3172,,,,
AG-7077,Tirtho Vani,OFF-LA-10003923,Office Supplies,Labels,43001,,,,
AG-7077,Tirtho Vani,FUR-BO-10001337,Furniture,Bookcases,3467,,,,
AG-7578,Rohan Singh,TEC-PH-10001924,Technology,Phones,38960,,,,
AG-7578,Rohan Singh,TEC-PH-10001363,Technology,Phones,21096,,,,
AG-7578,Rohan Singh,TEC-PH-10000376,Technology,Phones,24844,,,,
AG-7578,Rohan Singh,TEC-AC-10000303,Technology,Accessories,24230,,,,
AG-7578,Rohan Singh,OFF-AR-10001953,Office Supplies,Art,2443,,,,
AG-7578,Rohan Singh,OFF-ST-10001809,Office Supplies,Storage,10325,,,,
AG-7578,Rohan Singh,OFF-EN-10003845,Office Supplies,Envelopes,12018,,,,
AG-7578,Rohan Singh,TEC-AC-10000991,Technology,Accessories,48407,,,,
AG-7578,Rohan Singh,FUR-TA-10001857,Furniture,Tables,38203,,,,
AG-7578,Rohan Singh,OFF-EN-10001434,Office Supplies,Envelopes,35254,,,,
AG-7578,Rohan Singh,OFF-BI-10002498,Office Supplies,Binders,3473,,,,
AG-7358,Rajesh Gupta,FUR-FU-10004864,Furniture,Furnishings,2696,,,,
AG-7358,Rajesh Gupta,FUR-CH-10002602,Furniture,Chairs,8758,,,,
AG-7358,Rajesh Gupta,FUR-FU-10000073,Furniture,Furnishings,34354,,,,
AG-7358,Rajesh Gupta,OFF-BI-10001670,Office Supplies,Binders,26314,,,,
AG-7358,Rajesh Gupta,OFF-BI-10001658,Office Supplies,Binders,5837,,,,
AG-7358,Rajesh Gupta,FUR-CH-10001215,Furniture,Chairs,18686,,,,
AG-7358,Rajesh Gupta,OFF-BI-10000831,Office Supplies,Binders,21673,,,,
AG-7358,Rajesh Gupta,OFF-PA-10000357,Office Supplies,Paper,49673,,,,
AG-7358,Rajesh Gupta,OFF-BI-10003274,Office Supplies,Binders,36988,,,,
AG-7358,Rajesh Gupta,OFF-AR-10001662,Office Supplies,Art,46592,,,,
AG-7358,Rajesh Gupta,OFF-AR-10003856,Office Supplies,Art,22813,,,,
AG-8884,Dev Mehta,OFF-ST-10001228,Office Supplies,Storage,39942,,,,
AG-8884,Dev Mehta,OFF-BI-10003527,Office Supplies,Binders,12467,,,,
AG-8884,Dev Mehta,FUR-FU-10001290,Furniture,Furnishings,16270,,,,
AG-8884,Dev Mehta,TEC-AC-10002399,Technology,Accessories,29639,,,,
AG-8884,Dev Mehta,OFF-AR-10002053,Office Supplies,Art,8362,,,,
AG-8884,Dev Mehta,OFF-AR-10003811,Office Supplies,Art,13559,,,,
AG-8884,Dev Mehta,OFF-AR-10001246,Office Supplies,Art,27057,,,,
AG-8884,Dev Mehta,TEC-CO-10003236,Technology,Copiers,16182,,,,
AG-8884,Dev Mehta,OFF-ST-10004507,Office Supplies,Storage,1885,,,,
AG-8884,Dev Mehta,OFF-PA-10001667,Office Supplies,Paper,8181,,,,
AG-8884,Dev Mehta,OFF-ST-10004459,Office Supplies,Storage,49977,,,,
AG-7338,Kiran Rao,TEC-AC-10000171,Technology,Accessories,34301,,,,
AG-7338,Kiran Rao,OFF-ST-10000736,Office Supplies,Storage,17433,,,,
AG-7338,Kiran Rao,OFF-BI-10000285,Office Supplies,Binders,15810,,,,
AG-7338,Kiran Rao,FUR-TA-10001857,Furniture,Tables,27900,,,,
AG-7338,Kiran Rao,TEC-PH-10003555,Technology,Phones,35416,,,,
AG-7338,Kiran Rao,TEC-AC-10003832,Technology,Accessories,42009,,,,
AG-7338,Kiran Rao,OFF-FA-10002815,Office Supplies,Fasteners,39113,,,,
AG-7338,Kiran Rao,FUR-CH-10003379,Furniture,Chairs,4611,,,,
AG-7338,Kiran Rao,FUR-FU-10001756,Furniture,Furnishings,10060,,,,
AG-7338,Kiran Rao,OFF-ST-10004963,Office Supplies,Storage,34168,,,,
AG-7338,Kiran Rao,OFF-SU-10002881,Office Supplies,Supplies,22769,,,,
AG-7097,Isha Roy,OFF-EN-10001335,Office Supplies,Envelopes,5993,,,,
AG-7097,Isha Roy,FUR-CH-10000595,Furniture,Chairs,29992,,,,
AG-7097,Isha Roy,FUR-FU-10000448,Furniture,Furnishings,32670,,,,
AG-7097,Isha Roy,TEC-PH-10000984,Technology,Phones,18157,,,,
AG-7097,Isha Roy,OFF-BI-10002557,Office Supplies,Binders,29296,,,,
AG-7097,Isha Roy,OFF-ST-10001325,Office Supplies,Storage,45746,,,,
AG-7097,Isha Roy,OFF-BI-10002429,Office Supplies,Binders,33254,,,,
AG-7097,Isha Roy,OFF-BI-10004528,Office Supplies,Binders,22683,,,,
AG-7097,Isha Roy,OFF-AP-10001271,Office Supplies,Appliances,47376,,,,
AG-7097,Isha Roy,FUR-CH-10002647,Furniture,Chairs,6506,,,,
AG-7097,Isha Roy,TEC-AC-10001432,Technology,Accessories,2896,,,,
AG-7138,Meera Patel,TEC-PH-10002262,Technology,Phones,47554,,,,
AG-7138,Meera Patel,OFF-ST-10001809,Office Supplies,Storage,38677,,,,
AG-7138,Meera Patel,TEC-AC-10001465,Technology,Accessories,13181,,,,
AG-7138,Meera Patel,TEC-PH-10002597,Technology,Phones,23481,,,,
AG-7138,Meera Patel,FUR-FU-10000723,Furniture,Furnishings,44222,,,,
AG-7138,Meera Patel,OFF-BI-10000404,Office Supplies,Binders,28128,,,,
AG-7138,Meera Patel,OFF-PA-10002986,Office Supplies,Paper,859,,,,
AG-7138,Meera Patel,OFF-ST-10000604,Office Supplies,Storage,4882,,,,
AG-7138,Meera Patel,OFF-BI-10004738,Office Supplies,Binders,17791,,,,
AG-7138,Meera Patel,OFF-SU-10001935,Office Supplies,Supplies,26425,,,,
AG-7138,Meera Patel,FUR-CH-10002024,Furniture,Chairs,36273,,,,
AG-8784,Kiran Rao,FUR-FU-10003039,Furniture,Furnishings,6265,,,,
AG-8784,Kiran Rao,OFF-FA-10004248,Office Supplies,Fasteners,9924,,,,
AG-8784,Kiran Rao,OFF-ST-10001780,Office Supplies,Storage,31082,,,,
AG-8784,Kiran Rao,OFF-AR-10003560,Office Supplies,Art,39539,,,,
AG-8784,Kiran Rao,OFF-LA-10001297,Office Supplies,Labels,37002,,,,
AG-8784,Kiran Rao,FUR-TA-10004256,Furniture,Tables,33505,,,,
AG-8784,Kiran Rao,OFF-PA-10003441,Office Supplies,Paper,7945,,,,
AG-8784,Kiran Rao,FUR-FU-10003347,Furniture,Furnishings,45601,,,,
AG-8784,Kiran Rao,OFF-BI-10000069,Office Supplies,Binders,19136,,,,
AG-8784,Kiran Rao,OFF-AP-10003914,Office Supplies,Appliances,4954,,,,
AG-8784,Kiran Rao,FUR-FU-10004020,Furniture,Furnishings,20403,,,,
AG-7093,Rishabh Rath,OFF-FA-10003467,Office Supplies,Fasteners,43635,,,,
AG-7093,Rishabh Rath,OFF-LA-10000634,Office Supplies,Labels,1435,,,,
AG-7093,Rishabh Rath,TEC-PH-10002496,Technology,Phones,601,,,,
AG-7093,Rishabh Rath,OFF-PA-10004530,Office Supplies,Paper,19790,,,,
AG-7093,Rishabh Rath,OFF-BI-10001107,Office Supplies,Binders,39873,,,,
AG-7093,Rishabh Rath,OFF-PA-10004451,Office Supplies,Paper,7697,,,,
AG-7093,Rishabh Rath,FUR-CH-10004997,Furniture,Chairs,1447,,,,
AG-7093,Rishabh Rath,OFF-LA-10001297,Office Supplies,Labels,39120,,,,
AG-7093,Rishabh Rath,OFF-FA-10000585,Office Supplies,Fasteners,16145,,,,
AG-7093,Rishabh Rath,OFF-BI-10001922,Office Supplies,Binders,48406,,,,
AG-7093,Rishabh Rath,TEC-PH-10000347,Technology,Phones,14220,,,,
AG-7795,Isha Roy,OFF-AR-10003394,Office Supplies,Art,14705,,,,
AG-7795,Isha Roy,OFF-PA-10004530,Office Supplies,Paper,43727,,,,
AG-7795,Isha Roy,OFF-PA-10001450,Office Supplies,Paper,38568,,,,
AG-7795,Isha Roy,OFF-SU-10001574,Office Supplies,Supplies,20143,,,,
AG-7795,Isha Roy,OFF-ST-10002974,Office Supplies,Storage,25390,,,,
AG-7795,Isha Roy,FUR-FU-10001475,Furniture,Furnishings,35470,,,,
AG-7795,Isha Roy,OFF-SU-10004498,Office Supplies,Supplies,4687,,,,
AG-7795,Isha Roy,TEC-PH-10004977,Technology,Phones,21783,,,,
AG-7795,Isha Roy,TEC-PH-10000586,Technology,Phones,25750,,,,
AG-7795,Isha Roy,OFF-AP-10000358,Office Supplies,Appliances,5722,,,,
AG-7795,Isha Roy,OFF-BI-10002764,Office Supplies,Binders,9521,,,,
AG-7881,Siddharth Mehta,TEC-PH-10001254,Technology,Phones,27864,,,,
AG-7881,Siddharth Mehta,FUR-CH-10003956,Furniture,Chairs,27145,,,,
AG-7881,Siddharth Mehta,OFF-LA-10003930,Office Supplies,Labels,14576,,,,
AG-7881,Siddharth Mehta,TEC-PH-10003800,Technology,Phones,42732,,,,
AG-7881,Siddharth Mehta,OFF-PA-10002005,Office Supplies,Paper,27531,,,,
AG-7881,Siddharth Mehta,OFF-BI-10002498,Office Supplies,Binders,14021,,,,
AG-7881,Siddharth Mehta,OFF-PA-10004101,Office Supplies,Paper,29273,,,,
AG-7881,Siddharth Mehta,OFF-AR-10004078,Office Supplies,Art,33186,,,,
AG-7881,Siddharth Mehta,TEC-AC-10001266,Technology,Accessories,7158,,,,
AG-7881,Siddharth Mehta,OFF-AP-10004708,Office Supplies,Appliances,25554,,,,
AG-7881,Siddharth Mehta,TEC-CO-10004115,Technology,Copiers,32525,,,,
AG-7679,Sanya Roy,TEC-PH-10002398,Technology,Phones,19102,,,,
AG-7679,Sanya Roy,FUR-FU-10001979,Furniture,Furnishings,35016,,,,
AG-7679,Sanya Roy,OFF-SU-10004115,Office Supplies,Supplies,28092,,,,
AG-7679,Sanya Roy,TEC-PH-10001425,Technology,Phones,40297,,,,
AG-7679,Sanya Roy,TEC-PH-10003963,Technology,Phones,30232,,,,
AG-7679,Sanya Roy,OFF-SU-10001574,Office Supplies,Supplies,37383,,,,
AG-7679,Sanya Roy,OFF-ST-10001490,Office Supplies,Storage,41613,,,,
AG-7679,Sanya Roy,FUR-FU-10001756,Furniture,Furnishings,21070,,,,
AG-7679,Sanya Roy,OFF-BI-10000773,Office Supplies,Binders,18857,,,,
AG-7679,Sanya Roy,OFF-BI-10001543,Office Supplies,Binders,27516,,,,
AG-7679,Sanya Roy,OFF-PA-10002120,Office Supplies,Paper,41212,,,,
AG-7397,Aditi Sharma,OFF-BI-10000848,Office Supplies,Binders,2264,,,,
AG-7397,Aditi Sharma,OFF-AR-10001246,Office Supplies,Art,20064,,,,
AG-7397,Aditi Sharma,TEC-PH-10003092,Technology,Phones,47697,,,,
AG-7397,Aditi Sharma,TEC-PH-10003012,Technology,Phones,29798,,,,
AG-7397,Aditi Sharma,OFF-LA-10004345,Office Supplies,Labels,18336,,,,
AG-7397,Aditi Sharma,OFF-PA-10001204,Office Supplies,Paper,29335,,,,
AG-7397,Aditi Sharma,TEC-PH-10004667,Technology,Phones,21785,,,,
AG-7397,Aditi Sharma,TEC-PH-10000011,Technology,Phones,20470,,,,
AG-7397,Aditi Sharma,OFF-BI-10002949,Office Supplies,Binders,44687,,,,
AG-7397,Aditi Sharma,FUR-FU-10003849,Furniture,Furnishings,9183,,,,
AG-7397,Aditi Sharma,FUR-FU-10000010,Furniture,Furnishings,1970,,,,
AG-7560,Priya Desai,OFF-BI-10002824,Office Supplies,Binders,28227,,,,
AG-7560,Priya Desai,TEC-PH-10002538,Technology,Phones,22962,,,,
AG-7560,Priya Desai,FUR-FU-10000521,Furniture,Furnishings,36861,,,,
AG-7560,Priya Desai,OFF-BI-10002103,Office Supplies,Binders,25858,,,,
AG-7560,Priya Desai,FUR-CH-10004853,Furniture,Chairs,19560,,,,
AG-7560,Priya Desai,OFF-AP-10000179,Office Supplies,Appliances,22386,,,,
AG-7560,Priya Desai,OFF-ST-10001272,Office Supplies,Storage,11093,,,,
AG-7560,Priya Desai,OFF-AR-10004042,Office Supplies,Art,37334,,,,
AG-7560,Priya Desai,FUR-FU-10000221,Furniture,Furnishings,29473,,,,
AG-7560,Priya Desai,OFF-AP-10001563,Office Supplies,Appliances,29302,,,,
AG-7560,Priya Desai,OFF-BI-10000605,Office Supplies,Binders,38100,,,,
AG-8906,Kabir Verma,OFF-PA-10002615,Office Supplies,Paper,27328,,,,
AG-8906,Kabir Verma,OFF-ST-10001963,Office Supplies,Storage,35798,,,,
AG-8906,Kabir Verma,TEC-AC-10001267,Technology,Accessories,12385,,,,
AG-8906,Kabir Verma,TEC-PH-10002103,Technology,Phones,31295,,,,
AG-8906,Kabir Verma,TEC-AC-10002857,Technology,Accessories,23745,,,,
AG-8906,Kabir Verma,OFF-LA-10003930,Office Supplies,Labels,3915,,,,
AG-8906,Kabir Verma,FUR-CH-10001482,Furniture,Chairs,21121,,,,
AG-8906,Kabir Verma,OFF-BI-10001989,Office Supplies,Binders,49489,,,,
AG-8906,Kabir Verma,OFF-AP-10003287,Office Supplies,Appliances,12772,,,,
AG-8906,Kabir Verma,FUR-FU-10000576,Furniture,Furnishings,38499,,,,
AG-8906,Kabir Verma,OFF-BI-10004728,Office Supplies,Binders,9109,,,,
AG-7755,Meera Patel,FUR-FU-10000732,Furniture,Furnishings,40073,,,,
AG-7755,Meera Patel,OFF-ST-10000585,Office Supplies,Storage,14901,,,,
AG-7755,Meera Patel,OFF-LA-10002787,Office Supplies,Labels,13881,,,,
AG-7755,Meera Patel,TEC-AC-10003832,Technology,Accessories,28992,,,,
AG-7755,Meera Patel,OFF-PA-10001934,Office Supplies,Paper,32177,,,,
AG-7755,Meera Patel,OFF-AP-10002457,Office Supplies,Appliances,4169,,,,
AG-7755,Meera Patel,OFF-FA-10003112,Office Supplies,Fasteners,2632,,,,
AG-7755,Meera Patel,OFF-AP-10002350,Office Supplies,Appliances,15189,,,,
AG-7755,Meera Patel,FUR-FU-10001935,Furniture,Furnishings,12256,,,,
AG-7755,Meera Patel,TEC-PH-10003273,Technology,Phones,12089,,,,
AG-7755,Meera Patel,TEC-AC-10001142,Technology,Accessories,21780,,,,
AG-7884,Siddharth Mehta,OFF-PA-10000482,Office Supplies,Paper,5608,,,,
AG-7884,Siddharth Mehta,OFF-PA-10003892,Office Supplies,Paper,10525,,,,
AG-7884,Siddharth Mehta,TEC-AC-10001101,Technology,Accessories,33080,,,,
AG-7884,Siddharth Mehta,OFF-AP-10002439,Office Supplies,Appliances,41861,,,,
AG-7884,Siddharth Mehta,OFF-BI-10002827,Office Supplies,Binders,5270,,,,
AG-7884,Siddharth Mehta,OFF-EN-10002230,Office Supplies,Envelopes,25831,,,,
AG-7884,Siddharth Mehta,FUR-CH-10001215,Furniture,Chairs,2063,,,,
AG-7884,Siddharth Mehta,OFF-BI-10004654,Office Supplies,Binders,36884,,,,
AG-7884,Siddharth Mehta,OFF-ST-10001490,Office Supplies,Storage,18751,,,,
AG-7884,Siddharth Mehta,OFF-ST-10001511,Office Supplies,Storage,16227,,,,
AG-7884,Siddharth Mehta,FUR-TA-10001768,Furniture,Tables,44191,,,,
AG-7113,Tirtho Vani,OFF-BI-10003981,Office Supplies,Binders,23670,,,,
AG-7113,Tirtho Vani,OFF-ST-10001522,Office Supplies,Storage,5710,,,,
AG-7113,Tirtho Vani,OFF-FA-10000621,Office Supplies,Fasteners,35319,,,,
AG-7113,Tirtho Vani,OFF-SU-10004231,Office Supplies,Supplies,35468,,,,
AG-7113,Tirtho Vani,OFF-PA-10000474,Office Supplies,Paper,3338,,,,
AG-7113,Tirtho Vani,TEC-PH-10004042,Technology,Phones,11090,,,,
AG-7113,Tirtho Vani,FUR-FU-10003096,Furniture,Furnishings,29861,,,,
AG-7113,Tirtho Vani,FUR-FU-10002759,Furniture,Furnishings,18713,,,,
AG-7113,Tirtho Vani,FUR-TA-10000688,Furniture,Tables,21955,,,,
AG-7113,Tirtho Vani,OFF-PA-10002377,Office Supplies,Paper,49018,,,,
AG-7113,Tirtho Vani,OFF-AR-10001954,Office Supplies,Art,30560,,,,
AG-8223,Meera Patel,OFF-AP-10004532,Office Supplies,Appliances,30117,,,,
AG-8223,Meera Patel,OFF-PA-10002137,Office Supplies,Paper,23043,,,,
AG-8223,Meera Patel,TEC-AC-10003832,Technology,Accessories,6703,,,,
AG-8223,Meera Patel,OFF-AP-10000804,Office Supplies,Appliances,7559,,,,
AG-8223,Meera Patel,TEC-AC-10003614,Technology,Accessories,5831,,,,
AG-8223,Meera Patel,FUR-FU-10003553,Furniture,Furnishings,29265,,,,
AG-8223,Meera Patel,OFF-BI-10004632,Office Supplies,Binders,46110,,,,
AG-8223,Meera Patel,OFF-BI-10003305,Office Supplies,Binders,49138,,,,
AG-8223,Meera Patel,OFF-ST-10002583,Office Supplies,Storage,42678,,,,
AG-8223,Meera Patel,OFF-ST-10004507,Office Supplies,Storage,10829,,,,
AG-8223,Meera Patel,TEC-MA-10004125,Technology,Machines,22085,,,,
AG-8226,Kiran Rao,OFF-AP-10002457,Office Supplies,Appliances,39895,,,,
AG-8226,Kiran Rao,TEC-AC-10003911,Technology,Accessories,48099,,,,
AG-8226,Kiran Rao,OFF-LA-10001934,Office Supplies,Labels,16300,,,,
AG-8226,Kiran Rao,OFF-PA-10000304,Office Supplies,Paper,2891,,,,
AG-8226,Kiran Rao,FUR-BO-10004015,Furniture,Bookcases,28319,,,,
AG-8226,Kiran Rao,FUR-FU-10004071,Furniture,Furnishings,22445,,,,
AG-8226,Kiran Rao,TEC-PH-10002033,Technology,Phones,24525,,,,
AG-8226,Kiran Rao,OFF-ST-10002444,Office Supplies,Storage,19973,,,,
AG-8226,Kiran Rao,TEC-AC-10002253,Technology,Accessories,26211,,,,
AG-8226,Kiran Rao,OFF-PA-10000743,Office Supplies,Paper,11549,,,,
AG-8226,Kiran Rao,OFF-AR-10003373,Office Supplies,Art,28019,,,,
AG-8375,Isha Roy,OFF-LA-10002312,Office Supplies,Labels,49947,,,,
AG-8375,Isha Roy,OFF-EN-10000927,Office Supplies,Envelopes,6177,,,,
AG-8375,Isha Roy,OFF-LA-10003510,Office Supplies,Labels,4932,,,,
AG-8375,Isha Roy,OFF-AR-10001118,Office Supplies,Art,2437,,,,
AG-8375,Isha Roy,OFF-BI-10001575,Office Supplies,Binders,2612,,,,
AG-8375,Isha Roy,OFF-BI-10001982,Office Supplies,Binders,17543,,,,
AG-8375,Isha Roy,FUR-FU-10002960,Furniture,Furnishings,32051,,,,
AG-8375,Isha Roy,FUR-FU-10003394,Furniture,Furnishings,3295,,,,
AG-8375,Isha Roy,FUR-TA-10002774,Furniture,Tables,20079,,,,
AG-8375,Isha Roy,OFF-PA-10001800,Office Supplies,Paper,4972,,,,
AG-8375,Isha Roy,OFF-AP-10001469,Office Supplies,Appliances,8530,,,,
AG-8811,Kabir Verma,TEC-AC-10002399,Technology,Accessories,11875,,,,
AG-8811,Kabir Verma,TEC-AC-10003628,Technology,Accessories,47239,,,,
AG-8811,Kabir Verma,FUR-BO-10003272,Furniture,Bookcases,39258,,,,
AG-8811,Kabir Verma,OFF-BI-10000050,Office Supplies,Binders,2282,,,,
AG-8811,Kabir Verma,OFF-PA-10004071,Office Supplies,Paper,22178,,,,
AG-8811,Kabir Verma,OFF-EN-10001219,Office Supplies,Envelopes,9630,,,,
AG-8811,Kabir Verma,OFF-AP-10001154,Office Supplies,Appliances,32535,,,,
AG-8811,Kabir Verma,TEC-PH-10003012,Technology,Phones,35611,,,,
AG-8811,Kabir Verma,TEC-AC-10001606,Technology,Accessories,6081,,,,
AG-8811,Kabir Verma,OFF-BI-10003355,Office Supplies,Binders,28096,,,,
AG-8811,Kabir Verma,FUR-FU-10000010,Furniture,Furnishings,27906,,,,
AG-7660,Neha Kapoor,FUR-FU-10002253,Furniture,Furnishings,25206,,,,
AG-7660,Neha Kapoor,OFF-BI-10001658,Office Supplies,Binders,41818,,,,
AG-7660,Neha Kapoor,FUR-FU-10000246,Furniture,Furnishings,49967,,,,
AG-7660,Neha Kapoor,OFF-PA-10004092,Office Supplies,Paper,40757,,,,
AG-7660,Neha Kapoor,FUR-TA-10000198,Furniture,Tables,6731,,,,
AG-7660,Neha Kapoor,OFF-ST-10000036,Office Supplies,Storage,9713,,,,
AG-7660,Neha Kapoor,FUR-FU-10000222,Furniture,Furnishings,26575,,,,
AG-7660,Neha Kapoor,OFF-SU-10004664,Office Supplies,Supplies,25346,,,,
AG-7660,Neha Kapoor,OFF-EN-10001141,Office Supplies,Envelopes,25086,,,,
AG-7660,Neha Kapoor,TEC-PH-10002170,Technology,Phones,35679,,,,
AG-7660,Neha Kapoor,OFF-PA-10001954,Office Supplies,Paper,5449,,,,
AG-8109,Aarav Sharma,FUR-TA-10002228,Furniture,Tables,37089,,,,
AG-8109,Aarav Sharma,OFF-ST-10004634,Office Supplies,Storage,30550,,,,
AG-8109,Aarav Sharma,FUR-CH-10002965,Furniture,Chairs,7207,,,,
AG-8109,Aarav Sharma,OFF-LA-10001317,Office Supplies,Labels,48182,,,,
AG-8109,Aarav Sharma,OFF-ST-10000736,Office Supplies,Storage,39049,,,,
AG-8109,Aarav Sharma,TEC-AC-10003610,Technology,Accessories,16371,,,,
AG-8109,Aarav Sharma,OFF-BI-10003982,Office Supplies,Binders,21154,,,,
AG-8109,Aarav Sharma,OFF-BI-10003291,Office Supplies,Binders,28547,,,,
AG-8109,Aarav Sharma,FUR-BO-10001619,Furniture,Bookcases,32937,,,,
AG-8109,Aarav Sharma,OFF-BI-10000138,Office Supplies,Binders,32300,,,,
AG-8109,Aarav Sharma,TEC-AC-10001383,Technology,Accessories,44462,,,,
AG-8504,Kabir Verma,OFF-LA-10003223,Office Supplies,Labels,26838,,,,
AG-8504,Kabir Verma,OFF-ST-10002743,Office Supplies,Storage,10934,,,,
AG-8504,Kabir Verma,OFF-BI-10004094,Office Supplies,Binders,28463,,,,
AG-8504,Kabir Verma,OFF-SU-10004498,Office Supplies,Supplies,15187,,,,
AG-8504,Kabir Verma,OFF-PA-10002615,Office Supplies,Paper,48868,,,,
AG-8504,Kabir Verma,OFF-PA-10004971,Office Supplies,Paper,35133,,,,
AG-8504,Kabir Verma,OFF-SU-10004261,Office Supplies,Supplies,7624,,,,
AG-8504,Kabir Verma,FUR-TA-10002607,Furniture,Tables,32126,,,,
AG-8504,Kabir Verma,OFF-ST-10001809,Office Supplies,Storage,42699,,,,
AG-8504,Kabir Verma,TEC-PH-10000004,Technology,Phones,36797,,,,
AG-8504,Kabir Verma,OFF-BI-10003638,Office Supplies,Binders,17568,,,,
AG-7806,Priya Desai,FUR-FU-10003577,Furniture,Furnishings,29121,,,,
AG-7806,Priya Desai,OFF-AR-10003478,Office Supplies,Art,44725,,,,
AG-7806,Priya Desai,OFF-BI-10000546,Office Supplies,Binders,33610,,,,
AG-7806,Priya Desai,TEC-CO-10002095,Technology,Copiers,4001,,,,
AG-7806,Priya Desai,FUR-FU-10002759,Furniture,Furnishings,6635,,,,
AG-7806,Priya Desai,FUR-TA-10001095,Furniture,Tables,40268,,,,
AG-7806,Priya Desai,OFF-ST-10002444,Office Supplies,Storage,4222,,,,
AG-7806,Priya Desai,TEC-AC-10001267,Technology,Accessories,39251,,,,
AG-7806,Priya Desai,OFF-BI-10000848,Office Supplies,Binders,28004,,,,
AG-7806,Priya Desai,OFF-PA-10002377,Office Supplies,Paper,48853,,,,
AG-7806,Priya Desai,OFF-PA-10003441,Office Supplies,Paper,10973,,,,
AG-7638,Neha Kapoor,OFF-LA-10004484,Office Supplies,Labels,46393,,,,
AG-7638,Neha Kapoor,TEC-PH-10003931,Technology,Phones,21678,,,,
AG-7638,Neha Kapoor,OFF-EN-10001990,Office Supplies,Envelopes,29130,,,,
AG-7638,Neha Kapoor,OFF-EN-10001532,Office Supplies,Envelopes,42878,,,,
AG-7638,Neha Kapoor,TEC-AC-10003174,Technology,Accessories,38957,,,,
AG-7638,Neha Kapoor,OFF-BI-10004187,Office Supplies,Binders,34637,,,,
AG-7638,Neha Kapoor,OFF-ST-10000025,Office Supplies,Storage,25428,,,,
AG-7638,Neha Kapoor,FUR-FU-10004306,Furniture,Furnishings,16433,,,,
AG-7638,Neha Kapoor,FUR-CH-10003746,Furniture,Chairs,11520,,,,
AG-7638,Neha Kapoor,OFF-BI-10001036,Office Supplies,Binders,21329,,,,
AG-7638,Neha Kapoor,TEC-PH-10004614,Technology,Phones,35640,,,,
AG-8853,Sanya Roy,OFF-BI-10000301,Office Supplies,Binders,16024,,,,
AG-8853,Sanya Roy,OFF-BI-10003910,Office Supplies,Binders,32792,,,,
AG-8853,Sanya Roy,OFF-AR-10004648,Office Supplies,Art,46224,,,,
AG-8853,Sanya Roy,FUR-FU-10002597,Furniture,Furnishings,38770,,,,
AG-8853,Sanya Roy,OFF-AR-10003405,Office Supplies,Art,37881,,,,
AG-8853,Sanya Roy,FUR-CH-10002335,Furniture,Chairs,4238,,,,
AG-8853,Sanya Roy,OFF-PA-10000157,Office Supplies,Paper,39986,,,,
AG-8853,Sanya Roy,OFF-PA-10001947,Office Supplies,Paper,29297,,,,
AG-8853,Sanya Roy,OFF-PA-10003657,Office Supplies,Paper,40836,,,,
AG-8853,Sanya Roy,OFF-BI-10001098,Office Supplies,Binders,26593,,,,
AG-8853,Sanya Roy,TEC-AC-10002167,Technology,Accessories,47379,,,,
AG-7095,Ananya Sen,FUR-BO-10004409,Furniture,Bookcases,44246,,,,
AG-7095,Ananya Sen,TEC-AC-10000057,Technology,Accessories,46709,,,,
AG-7095,Ananya Sen,OFF-EN-10000056,Office Supplies,Envelopes,16860,,,,
AG-7095,Ananya Sen,OFF-BI-10000014,Office Supplies,Binders,48181,,,,
AG-7095,Ananya Sen,FUR-CH-10004675,Furniture,Chairs,30321,,,,
AG-7095,Ananya Sen,OFF-BI-10001543,Office Supplies,Binders,43613,,,,
AG-7095,Ananya Sen,OFF-ST-10001321,Office Supplies,Storage,38731,,,,
AG-7095,Ananya Sen,OFF-BI-10001132,Office Supplies,Binders,47867,,,,
AG-7095,Ananya Sen,FUR-CH-10003199,Furniture,Chairs,4898,,,,
AG-7095,Ananya Sen,TEC-PH-10001530,Technology,Phones,11945,,,,
AG-7095,Ananya Sen,OFF-LA-10001569,Office Supplies,Labels,9993,,,,
AG-7989,Vishal Ahuja,OFF-PA-10003724,Office Supplies,Paper,18123,,,,
AG-7989,Vishal Ahuja,OFF-BI-10000546,Office Supplies,Binders,26946,,,,
AG-7989,Vishal Ahuja,OFF-PA-10000176,Office Supplies,Paper,6054,,,,
AG-7989,Vishal Ahuja,OFF-PA-10002365,Office Supplies,Paper,31739,,,,
AG-7989,Vishal Ahuja,OFF-LA-10002271,Office Supplies,Labels,23784,,,,
AG-7989,Vishal Ahuja,FUR-CH-10002647,Furniture,Chairs,28435,,,,
AG-7989,Vishal Ahuja,FUR-FU-10004090,Furniture,Furnishings,19804,,,,
AG-7989,Vishal Ahuja,TEC-PH-10001580,Technology,Phones,41786,,,,
AG-7989,Vishal Ahuja,OFF-AP-10000576,Office Supplies,Appliances,24761,,,,
AG-7989,Vishal Ahuja,OFF-PA-10003953,Office Supplies,Paper,17194,,,,
AG-7989,Vishal Ahuja,FUR-FU-10000794,Furniture,Furnishings,2238,,,,
AG-8780,Rishabh Rath,OFF-AR-10001897,Office Supplies,Art,2478,,,,
AG-8780,Rishabh Rath,TEC-PH-10001795,Technology,Phones,37439,,,,
AG-8780,Rishabh Rath,FUR-FU-10003347,Furniture,Furnishings,20982,,,,
AG-8780,Rishabh Rath,TEC-AC-10004901,Technology,Accessories,25724,,,,
AG-8780,Rishabh Rath,OFF-AR-10003190,Office Supplies,Art,32992,,,,
AG-8780,Rishabh Rath,FUR-TA-10002903,Furniture,Tables,7730,,,,
AG-8780,Rishabh Rath,OFF-AP-10000240,Office Supplies,Appliances,29299,,,,
AG-8780,Rishabh Rath,TEC-AC-10001101,Technology,Accessories,22604,,,,
AG-8780,Rishabh Rath,FUR-FU-10000794,Furniture,Furnishings,47839,,,,
AG-8780,Rishabh Rath,TEC-AC-10001838,Technology,Accessories,40972,,,,
AG-8780,Rishabh Rath,OFF-PA-10000061,Office Supplies,Paper,9188,,,,
AG-8365,Sanya Roy,OFF-PA-10003651,Office Supplies,Paper,24859,,,,
AG-8365,Sanya Roy,OFF-PA-10000304,Office Supplies,Paper,4642,,,,
AG-8365,Sanya Roy,OFF-BI-10003094,Office Supplies,Binders,41989,,,,
AG-8365,Sanya Roy,FUR-CH-10001394,Furniture,Chairs,30086,,,,
AG-8365,Sanya Roy,OFF-BI-10004230,Office Supplies,Binders,5393,,,,
AG-8365,Sanya Roy,OFF-PA-10003395,Office Supplies,Paper,42445,,,,
AG-8365,Sanya Roy,TEC-AC-10002402,Technology,Accessories,49671,,,,
AG-8365,Sanya Roy,OFF-LA-10003223,Office Supplies,Labels,22137,,,,
AG-8365,Sanya Roy,TEC-AC-10003441,Technology,Accessories,38757,,,,
AG-8365,Sanya Roy,TEC-AC-10000109,Technology,Accessories,22793,,,,
AG-8365,Sanya Roy,OFF-FA-10002280,Office Supplies,Fasteners,14154,,,,
AG-8900,Rishabh Rath,OFF-SU-10000381,Office Supplies,Supplies,14187,,,,
AG-8900,Rishabh Rath,OFF-EN-10004459,Office Supplies,Envelopes,37417,,,,
AG-8900,Rishabh Rath,FUR-CH-10000665,Furniture,Chairs,21196,,,,
AG-8900,Rishabh Rath,OFF-AP-10003884,Office Supplies,Appliances,4713,,,,
AG-8900,Rishabh Rath,TEC-PH-10001557,Technology,Phones,30017,,,,
AG-8900,Rishabh Rath,TEC-PH-10002085,Technology,Phones,45752,,,,
AG-8900,Rishabh Rath,OFF-AR-10002956,Office Supplies,Art,17262,,,,
AG-8900,Rishabh Rath,OFF-AP-10003266,Office Supplies,Appliances,36210,,,,
AG-8900,Rishabh Rath,TEC-MA-10004002,Technology,Machines,30511,,,,
AG-8900,Rishabh Rath,OFF-BI-10001071,Office Supplies,Binders,47629,,,,
AG-8900,Rishabh Rath,OFF-PA-10001560,Office Supplies,Paper,23118,,,,
AG-7924,Kiran Rao,TEC-PH-10002365,Technology,Phones,21043,,,,
AG-7924,Kiran Rao,OFF-AR-10004648,Office Supplies,Art,40771,,,,
AG-7924,Kiran Rao,OFF-AR-10002578,Office Supplies,Art,31041,,,,
AG-7924,Kiran Rao,FUR-BO-10001519,Furniture,Bookcases,15819,,,,
AG-7924,Kiran Rao,OFF-BI-10001294,Office Supplies,Binders,8231,,,,
AG-7924,Kiran Rao,OFF-BI-10001636,Office Supplies,Binders,35520,,,,
AG-7924,Kiran Rao,OFF-SU-10002503,Office Supplies,Supplies,34225,,,,
AG-7924,Kiran Rao,OFF-LA-10004093,Office Supplies,Labels,4601,,,,
AG-7924,Kiran Rao,TEC-PH-10001552,Technology,Phones,45051,,,,
AG-7924,Kiran Rao,FUR-CH-10001891,Furniture,Chairs,32354,,,,
AG-7924,Kiran Rao,FUR-FU-10003878,Furniture,Furnishings,32642,,,,
AG-7163,Arjun Nair,TEC-AC-10000710,Technology,Accessories,14476,,,,
AG-7163,Arjun Nair,OFF-AR-10002335,Office Supplies,Art,19061,,,,
AG-7163,Arjun Nair,OFF-PA-10001870,Office Supplies,Paper,24436,,,,
AG-7163,Arjun Nair,OFF-AR-10003373,Office Supplies,Art,40249,,,,
AG-7163,Arjun Nair,FUR-FU-10004090,Furniture,Furnishings,31576,,,,
AG-7163,Arjun Nair,OFF-ST-10000736,Office Supplies,Storage,12054,,,,
AG-7163,Arjun Nair,OFF-PA-10001019,Office Supplies,Paper,32050,,,,
AG-7163,Arjun Nair,OFF-SU-10002537,Office Supplies,Supplies,12756,,,,
AG-7163,Arjun Nair,OFF-ST-10003221,Office Supplies,Storage,13881,,,,
AG-7163,Arjun Nair,OFF-PA-10004569,Office Supplies,Paper,49297,,,,
AG-7163,Arjun Nair,OFF-FA-10000624,Office Supplies,Fasteners,36282,,,,
AG-8018,Neha Kapoor,OFF-SU-10001225,Office Supplies,Supplies,25666,,,,
AG-8018,Neha Kapoor,OFF-AR-10003752,Office Supplies,Art,11217,,,,
AG-8018,Neha Kapoor,TEC-AC-10001714,Technology,Accessories,36164,,,,
AG-8018,Neha Kapoor,OFF-AR-10003958,Office Supplies,Art,20608,,,,
AG-8018,Neha Kapoor,TEC-PH-10002923,Technology,Phones,38473,,,,
AG-8018,Neha Kapoor,OFF-LA-10004272,Office Supplies,Labels,6442,,,,
AG-8018,Neha Kapoor,FUR-FU-10000965,Furniture,Furnishings,34407,,,,
AG-8018,Neha Kapoor,OFF-LA-10004853,Office Supplies,Labels,20024,,,,
AG-8018,Neha Kapoor,OFF-BI-10003719,Office Supplies,Binders,41642,,,,
AG-8018,Neha Kapoor,OFF-BI-10000545,Office Supplies,Binders,41005,,,,
AG-8018,Neha Kapoor,TEC-PH-10002496,Technology,Phones,44366,,,,
AG-8706,Arjun Nair,OFF-PA-10003591,Office Supplies,Paper,36081,,,,
AG-8706,Arjun Nair,OFF-PA-10004470,Office Supplies,Paper,33739,,,,
AG-8706,Arjun Nair,OFF-BI-10000315,Office Supplies,Binders,36065,,,,
AG-8706,Arjun Nair,OFF-PA-10001790,Office Supplies,Paper,5506,,,,
AG-8706,Arjun Nair,FUR-FU-10004017,Furniture,Furnishings,31320,,,,
AG-8706,Arjun Nair,TEC-AC-10003628,Technology,Accessories,2307,,,,
AG-8706,Arjun Nair,TEC-AC-10002049,Technology,Accessories,46734,,,,
AG-8706,Arjun Nair,OFF-BI-10003712,Office Supplies,Binders,6907,,,,
AG-8706,Arjun Nair,OFF-BI-10003984,Office Supplies,Binders,10630,,,,
AG-8706,Arjun Nair,FUR-CH-10004287,Furniture,Chairs,22564,,,,
AG-8706,Arjun Nair,OFF-ST-10001321,Office Supplies,Storage,46308,,,,
AG-7869,Tirtho Vani,OFF-AR-10001118,Office Supplies,Art,3378,,,,
AG-7869,Tirtho Vani,FUR-FU-10000732,Furniture,Furnishings,6843,,,,
AG-7869,Tirtho Vani,FUR-FU-10001424,Furniture,Furnishings,28954,,,,
AG-7869,Tirtho Vani,OFF-BI-10002071,Office Supplies,Binders,8407,,,,
AG-7869,Tirtho Vani,OFF-ST-10002486,Office Supplies,Storage,9857,,,,
AG-7869,Tirtho Vani,OFF-BI-10001078,Office Supplies,Binders,21894,,,,
AG-7869,Tirtho Vani,OFF-PA-10003845,Office Supplies,Paper,28835,,,,
AG-7869,Tirtho Vani,TEC-AC-10000927,Technology,Accessories,38009,,,,
AG-7869,Tirtho Vani,OFF-BI-10001098,Office Supplies,Binders,43927,,,,
AG-7869,Tirtho Vani,OFF-PA-10001622,Office Supplies,Paper,1271,,,,
AG-7869,Tirtho Vani,OFF-AR-10003158,Office Supplies,Art,5108,,,,
AG-7575,Kiran Rao,TEC-PH-10002660,Technology,Phones,15271,,,,
AG-7575,Kiran Rao,OFF-ST-10002205,Office Supplies,Storage,20931,,,,
AG-7575,Kiran Rao,OFF-BI-10003364,Office Supplies,Binders,49310,,,,
AG-7575,Kiran Rao,OFF-EN-10001099,Office Supplies,Envelopes,15332,,,,
AG-7575,Kiran Rao,OFF-LA-10003923,Office Supplies,Labels,7415,,,,
AG-7575,Kiran Rao,OFF-PA-10002250,Office Supplies,Paper,18002,,,,
AG-7575,Kiran Rao,OFF-BI-10004716,Office Supplies,Binders,23320,,,,
AG-7575,Kiran Rao,OFF-LA-10001045,Office Supplies,Labels,8821,,,,
AG-7575,Kiran Rao,OFF-BI-10001510,Office Supplies,Binders,34968,,,,
AG-7575,Kiran Rao,TEC-PH-10004536,Technology,Phones,43529,,,,
AG-7575,Kiran Rao,OFF-PA-10002947,Office Supplies,Paper,18497,,,,
AG-7616,Rajesh Gupta,OFF-ST-10002583,Office Supplies,Storage,39375,,,,
AG-7616,Rajesh Gupta,OFF-PA-10000019,Office Supplies,Paper,18198,,,,
AG-7616,Rajesh Gupta,FUR-BO-10003441,Furniture,Bookcases,6482,,,,
AG-7616,Rajesh Gupta,TEC-PH-10004774,Technology,Phones,26396,,,,
AG-7616,Rajesh Gupta,OFF-BI-10003684,Office Supplies,Binders,10103,,,,
AG-7616,Rajesh Gupta,TEC-PH-10001494,Technology,Phones,9264,,,,
AG-7616,Rajesh Gupta,TEC-AC-10004666,Technology,Accessories,16936,,,,
AG-7616,Rajesh Gupta,OFF-ST-10003816,Office Supplies,Storage,44239,,,,
AG-7616,Rajesh Gupta,FUR-FU-10001935,Furniture,Furnishings,4714,,,,
AG-7616,Rajesh Gupta,FUR-FU-10004091,Furniture,Furnishings,41988,,,,
AG-7616,Rajesh Gupta,TEC-AC-10001772,Technology,Accessories,47830,,,,
AG-8313,Sanya Roy,FUR-TA-10001520,Furniture,Tables,41743,,,,
AG-8313,Sanya Roy,FUR-CH-10003379,Furniture,Chairs,48821,,,,
AG-8313,Sanya Roy,OFF-BI-10002706,Office Supplies,Binders,33985,,,,
AG-8313,Sanya Roy,OFF-EN-10000056,Office Supplies,Envelopes,42894,,,,
AG-8313,Sanya Roy,OFF-ST-10001558,Office Supplies,Storage,30419,,,,
AG-8313,Sanya Roy,OFF-ST-10002444,Office Supplies,Storage,16547,,,,
AG-8313,Sanya Roy,TEC-AC-10002473,Technology,Accessories,23783,,,,
AG-8313,Sanya Roy,TEC-PH-10004531,Technology,Phones,33943,,,,
AG-8313,Sanya Roy,OFF-AP-10004487,Office Supplies,Appliances,20580,,,,
AG-8313,Sanya Roy,OFF-BI-10003650,Office Supplies,Binders,42465,,,,
AG-8313,Sanya Roy,OFF-PA-10003543,Office Supplies,Paper,28344,,,,
AG-8801,Ananya Sen,TEC-AC-10004353,Technology,Accessories,22679,,,,
AG-8801,Ananya Sen,OFF-AR-10000658,Office Supplies,Art,10207,,,,
AG-8801,Ananya Sen,OFF-AP-10000696,Office Supplies,Appliances,45680,,,,
AG-8801,Ananya Sen,OFF-AR-10003560,Office Supplies,Art,33789,,,,
AG-8801,Ananya Sen,OFF-AR-10001468,Office Supplies,Art,11384,,,,
AG-8801,Ananya Sen,OFF-PA-10004971,Office Supplies,Paper,34356,,,,
AG-8801,Ananya Sen,OFF-PA-10002195,Office Supplies,Paper,10575,,,,
AG-8801,Ananya Sen,OFF-PA-10001745,Office Supplies,Paper,29023,,,,
AG-8801,Ananya Sen,OFF-BI-10004826,Office Supplies,Binders,963,,,,
AG-8801,Ananya Sen,OFF-PA-10001870,Office Supplies,Paper,32676,,,,
AG-8801,Ananya Sen,OFF-AP-10001058,Office Supplies,Appliances,10813,,,,
AG-7823,Kiran Rao,TEC-AC-10003911,Technology,Accessories,44360,,,,
AG-7823,Kiran Rao,OFF-PA-10000289,Office Supplies,Paper,39512,,,,
AG-7823,Kiran Rao,OFF-AP-10003040,Office Supplies,Appliances,33258,,,,
AG-7823,Kiran Rao,OFF-PA-10000350,Office Supplies,Paper,20096,,,,
AG-7823,Kiran Rao,OFF-BI-10001759,Office Supplies,Binders,19902,,,,
AG-7823,Kiran Rao,FUR-TA-10000577,Furniture,Tables,24281,,,,
AG-7823,Kiran Rao,OFF-PA-10004101,Office Supplies,Paper,5268,,,,
AG-7823,Kiran Rao,OFF-ST-10001496,Office Supplies,Storage,21620,,,,
AG-7823,Kiran Rao,OFF-BI-10002931,Office Supplies,Binders,14960,,,,
AG-7823,Kiran Rao,FUR-TA-10002356,Furniture,Tables,25281,,,,
AG-7823,Kiran Rao,FUR-FU-10003601,Furniture,Furnishings,42120,,,,
AG-7257,Aditi Sharma,FUR-FU-10000576,Furniture,Furnishings,6708,,,,
AG-7257,Aditi Sharma,FUR-TA-10004154,Furniture,Tables,30455,,,,
AG-7257,Aditi Sharma,OFF-PA-10000788,Office Supplies,Paper,43703,,,,
AG-7257,Aditi Sharma,OFF-PA-10002479,Office Supplies,Paper,17372,,,,
AG-7257,Aditi Sharma,FUR-FU-10001940,Furniture,Furnishings,23795,,,,
AG-7257,Aditi Sharma,OFF-AR-10001958,Office Supplies,Art,29529,,,,
AG-7257,Aditi Sharma,FUR-BO-10004709,Furniture,Bookcases,18451,,,,
AG-7257,Aditi Sharma,OFF-ST-10000604,Office Supplies,Storage,25106,,,,
AG-7257,Aditi Sharma,TEC-PH-10002923,Technology,Phones,26549,,,,
AG-7257,Aditi Sharma,OFF-BI-10004465,Office Supplies,Binders,40433,,,,
AG-7257,Aditi Sharma,OFF-PA-10002333,Office Supplies,Paper,12802,,,,
AG-7548,Aarav Sharma,FUR-FU-10004188,Furniture,Furnishings,42039,,,,
AG-7548,Aarav Sharma,FUR-CH-10002965,Furniture,Chairs,38411,,,,
AG-7548,Aarav Sharma,OFF-BI-10000145,Office Supplies,Binders,40091,,,,
AG-7548,Aarav Sharma,OFF-EN-10001335,Office Supplies,Envelopes,884,,,,
AG-7548,Aarav Sharma,OFF-LA-10001613,Office Supplies,Labels,38915,,,,
AG-7548,Aarav Sharma,OFF-LA-10004055,Office Supplies,Labels,25985,,,,
AG-7548,Aarav Sharma,OFF-AR-10004344,Office Supplies,Art,39985,,,,
AG-7548,Aarav Sharma,OFF-PA-10004621,Office Supplies,Paper,14450,,,,
AG-7548,Aarav Sharma,OFF-PA-10001281,Office Supplies,Paper,35737,,,,
AG-7548,Aarav Sharma,OFF-LA-10001613,Office Supplies,Labels,35096,,,,
AG-7548,Aarav Sharma,OFF-ST-10001097,Office Supplies,Storage,42742,,,,
AG-8802,Neha Kapoor,FUR-FU-10001095,Furniture,Furnishings,31373,,,,
AG-8802,Neha Kapoor,TEC-PH-10004614,Technology,Phones,3608,,,,
AG-8802,Neha Kapoor,OFF-BI-10001575,Office Supplies,Binders,35414,,,,
AG-8802,Neha Kapoor,OFF-LA-10001074,Office Supplies,Labels,17364,,,,
AG-8802,Neha Kapoor,TEC-PH-10003555,Technology,Phones,25116,,,,
AG-8802,Neha Kapoor,OFF-BI-10004492,Office Supplies,Binders,44134,,,,
AG-8802,Neha Kapoor,OFF-BI-10002012,Office Supplies,Binders,22107,,,,
AG-8802,Neha Kapoor,TEC-MA-10000822,Technology,Machines,28729,,,,
AG-8802,Neha Kapoor,OFF-BI-10000848,Office Supplies,Binders,32246,,,,
AG-8802,Neha Kapoor,OFF-PA-10004156,Office Supplies,Paper,39248,,,,
AG-8802,Neha Kapoor,FUR-CH-10003199,Furniture,Chairs,21249,,,,
AG-7885,Rohan Singh,OFF-AR-10000034,Office Supplies,Art,30685,,,,
AG-7885,Rohan Singh,TEC-PH-10000560,Technology,Phones,32706,,,,
AG-7885,Rohan Singh,FUR-CH-10000665,Furniture,Chairs,19505,,,,
AG-7885,Rohan Singh,OFF-LA-10001569,Office Supplies,Labels,13793,,,,
AG-7885,Rohan Singh,OFF-EN-10000461,Office Supplies,Envelopes,34918,,,,
AG-7885,Rohan Singh,TEC-MA-10003066,Technology,Machines,2101,,,,
AG-7885,Rohan Singh,OFF-BI-10004022,Office Supplies,Binders,25180,,,,
AG-7885,Rohan Singh,FUR-FU-10004071,Furniture,Furnishings,32965,,,,
AG-7885,Rohan Singh,OFF-AR-10001988,Office Supplies,Art,11391,,,,
AG-7885,Rohan Singh,FUR-CH-10004086,Furniture,Chairs,25699,,,,
AG-7885,Rohan Singh,OFF-BI-10001036,Office Supplies,Binders,36213,,,,
AG-7045,Dev Mehta,OFF-FA-10002983,Office Supplies,Fasteners,31798,,,,
AG-7045,Dev Mehta,OFF-PA-10003625,Office Supplies,Paper,30155,,,,
AG-7045,Dev Mehta,OFF-BI-10003925,Office Supplies,Binders,9296,,,,
AG-7045,Dev Mehta,TEC-PH-10001530,Technology,Phones,13815,,,,
AG-7045,Dev Mehta,OFF-EN-10003862,Office Supplies,Envelopes,19505,,,,
AG-7045,Dev Mehta,OFF-ST-10004258,Office Supplies,Storage,24453,,,,
AG-7045,Dev Mehta,FUR-FU-10002885,Furniture,Furnishings,1086,,,,
AG-7045,Dev Mehta,FUR-FU-10001918,Furniture,Furnishings,46359,,,,
AG-7045,Dev Mehta,OFF-AR-10002956,Office Supplies,Art,19018,,,,
AG-7045,Dev Mehta,TEC-AC-10003033,Technology,Accessories,26306,,,,
AG-7045,Dev Mehta,FUR-TA-10002903,Furniture,Tables,34046,,,,
AG-8628,Kunal Mishra,OFF-PA-10004621,Office Supplies,Paper,14199,,,,
AG-8628,Kunal Mishra,OFF-ST-10000046,Office Supplies,Storage,44426,,,,
AG-8628,Kunal Mishra,OFF-PA-10001790,Office Supplies,Paper,9659,,,,
AG-8628,Kunal Mishra,OFF-EN-10002600,Office Supplies,Envelopes,12984,,,,
AG-8628,Kunal Mishra,OFF-BI-10002049,Office Supplies,Binders,29921,,,,
AG-8628,Kunal Mishra,OFF-PA-10001509,Office Supplies,Paper,5619,,,,
AG-8628,Kunal Mishra,TEC-PH-10003931,Technology,Phones,25174,,,,
AG-8628,Kunal Mishra,FUR-FU-10001602,Furniture,Furnishings,11828,,,,
AG-8628,Kunal Mishra,FUR-FU-10004848,Furniture,Furnishings,19738,,,,
AG-8628,Kunal Mishra,OFF-ST-10003722,Office Supplies,Storage,41679,,,,
AG-8628,Kunal Mishra,FUR-TA-10003748,Furniture,Tables,9979,,,,
AG-8032,Dev Mehta,TEC-AC-10003198,Technology,Accessories,12442,,,,
AG-8032,Dev Mehta,OFF-PA-10004100,Office Supplies,Paper,13719,,,,
AG-8032,Dev Mehta,FUR-FU-10002191,Furniture,Furnishings,31113,,,,
AG-8032,Dev Mehta,FUR-FU-10000965,Furniture,Furnishings,40199,,,,
AG-8032,Dev Mehta,TEC-PH-10004188,Technology,Phones,25105,,,,
AG-8032,Dev Mehta,OFF-ST-10001526,Office Supplies,Storage,49194,,,,
AG-8032,Dev Mehta,OFF-AR-10001166,Office Supplies,Art,48668,,,,
AG-8032,Dev Mehta,FUR-CH-10000309,Furniture,Chairs,16722,,,,
AG-8032,Dev Mehta,TEC-MA-10004212,Technology,Machines,6803,,,,
AG-8032,Dev Mehta,OFF-EN-10003072,Office Supplies,Envelopes,49901,,,,
AG-8032,Dev Mehta,OFF-BI-10000320,Office Supplies,Binders,17755,,,,
AG-8865,Isha Roy,OFF-PA-10001166,Office Supplies,Paper,34965,,,,
AG-8865,Isha Roy,OFF-PA-10003656,Office Supplies,Paper,14200,,,,
AG-8865,Isha Roy,TEC-PH-10000148,Technology,Phones,9101,,,,
AG-8865,Isha Roy,OFF-PA-10000474,Office Supplies,Paper,18867,,,,
AG-8865,Isha Roy,TEC-PH-10003885,Technology,Phones,41767,,,,
AG-8865,Isha Roy,FUR-CH-10003379,Furniture,Chairs,48107,,,,
AG-8865,Isha Roy,FUR-FU-10000629,Furniture,Furnishings,2465,,,,
AG-8865,Isha Roy,OFF-LA-10001175,Office Supplies,Labels,31203,,,,
AG-8865,Isha Roy,OFF-PA-10000955,Office Supplies,Paper,22810,,,,
AG-8865,Isha Roy,OFF-BI-10003460,Office Supplies,Binders,28303,,,,
AG-8865,Isha Roy,OFF-BI-10000474,Office Supplies,Binders,39704,,,,
AG-8907,Aakash Gupta,FUR-FU-10003975,Furniture,Furnishings,49331,,,,
AG-8907,Aakash Gupta,OFF-BI-10003707,Office Supplies,Binders,42904,,,,
AG-8907,Aakash Gupta,OFF-AR-10000203,Office Supplies,Art,35416,,,,
AG-8907,Aakash Gupta,OFF-AR-10004790,Office Supplies,Art,27825,,,,
AG-8907,Aakash Gupta,FUR-TA-10001095,Furniture,Tables,30839,,,,
AG-8907,Aakash Gupta,TEC-AC-10004761,Technology,Accessories,728,,,,
AG-8907,Aakash Gupta,FUR-BO-10001811,Furniture,Bookcases,29354,,,,
AG-8907,Aakash Gupta,OFF-AR-10001130,Office Supplies,Art,30853,,,,
AG-8907,Aakash Gupta,OFF-AP-10000055,Office Supplies,Appliances,31182,,,,
AG-8907,Aakash Gupta,FUR-CH-10002304,Furniture,Chairs,24064,,,,
AG-8907,Aakash Gupta,TEC-PH-10001530,Technology,Phones,31864,,,,
AG-8734,Arjun Nair,FUR-FU-10004006,Furniture,Furnishings,34902,,,,
AG-8734,Arjun Nair,TEC-PH-10000486,Technology,Phones,14009,,,,
AG-8734,Arjun Nair,TEC-AC-10001606,Technology,Accessories,48502,,,,
AG-8734,Arjun Nair,FUR-FU-10000293,Furniture,Furnishings,32993,,,,
AG-8734,Arjun Nair,OFF-PA-10001307,Office Supplies,Paper,10999,,,,
AG-8734,Arjun Nair,FUR-FU-10004460,Furniture,Furnishings,26874,,,,
AG-8734,Arjun Nair,OFF-AR-10000716,Office Supplies,Art,32479,,,,
AG-8734,Arjun Nair,FUR-FU-10004622,Furniture,Furnishings,32115,,,,
AG-8734,Arjun Nair,OFF-BI-10002735,Office Supplies,Binders,48972,,,,
AG-8734,Arjun Nair,OFF-BI-10003529,Office Supplies,Binders,16182,,,,
AG-8734,Arjun Nair,OFF-BI-10001097,Office Supplies,Binders,28734,,,,
AG-8589,Siddharth Mehta,OFF-BI-10001597,Office Supplies,Binders,35305,,,,
AG-8589,Siddharth Mehta,OFF-FA-10001754,Office Supplies,Fasteners,19111,,,,
AG-8589,Siddharth Mehta,FUR-CH-10003396,Furniture,Chairs,21055,,,,
AG-8589,Siddharth Mehta,OFF-AP-10002350,Office Supplies,Appliances,27923,,,,
AG-8589,Siddharth Mehta,OFF-FA-10004838,Office Supplies,Fasteners,10588,,,,
AG-8589,Siddharth Mehta,OFF-AR-10004757,Office Supplies,Art,41553,,,,
AG-8589,Siddharth Mehta,TEC-PH-10002115,Technology,Phones,32749,,,,
AG-8589,Siddharth Mehta,OFF-FA-10003059,Office Supplies,Fasteners,48800,,,,
AG-8589,Siddharth Mehta,OFF-BI-10004330,Office Supplies,Binders,9036,,,,
AG-8589,Siddharth Mehta,FUR-CH-10001146,Furniture,Chairs,38842,,,,
AG-8589,Siddharth Mehta,OFF-SU-10001935,Office Supplies,Supplies,9641,,,,
AG-7860,Aditi Sharma,OFF-BI-10001524,Office Supplies,Binders,44745,,,,
AG-7860,Aditi Sharma,OFF-AR-10003732,Office Supplies,Art,712,,,,
AG-7860,Aditi Sharma,OFF-PA-10001970,Office Supplies,Paper,20545,,,,
AG-7860,Aditi Sharma,OFF-BI-10003669,Office Supplies,Binders,36201,,,,
AG-7860,Aditi Sharma,OFF-BI-10003727,Office Supplies,Binders,24443,,,,
AG-7860,Aditi Sharma,OFF-BI-10004967,Office Supplies,Binders,12793,,,,
AG-7860,Aditi Sharma,TEC-AC-10003447,Technology,Accessories,44534,,,,
AG-7860,Aditi Sharma,OFF-AR-10000255,Office Supplies,Art,3548,,,,
AG-7860,Aditi Sharma,OFF-AP-10002191,Office Supplies,Appliances,41817,,,,
AG-7860,Aditi Sharma,OFF-ST-10001325,Office Supplies,Storage,41638,,,,
AG-7860,Aditi Sharma,OFF-BI-10000404,Office Supplies,Binders,7528,,,,
AG-8952,Rohan Singh,OFF-PA-10000349,Office Supplies,Paper,28866,,,,
AG-8952,Rohan Singh,FUR-CH-10002880,Furniture,Chairs,15594,,,,
AG-8952,Rohan Singh,FUR-TA-10001095,Furniture,Tables,33864,,,,
AG-8952,Rohan Singh,OFF-PA-10003127,Office Supplies,Paper,46993,,,,
AG-8952,Rohan Singh,OFF-ST-10003208,Office Supplies,Storage,4032,,,,
AG-8952,Rohan Singh,TEC-MA-10003979,Technology,Machines,5822,,,,
AG-8952,Rohan Singh,OFF-PA-10000029,Office Supplies,Paper,10481,,,,
AG-8952,Rohan Singh,TEC-PH-10004896,Technology,Phones,21802,,,,
AG-8952,Rohan Singh,OFF-LA-10000452,Office Supplies,Labels,11555,,,,
AG-8952,Rohan Singh,FUR-FU-10001967,Furniture,Furnishings,11363,,,,
AG-8952,Rohan Singh,TEC-PH-10001819,Technology,Phones,20453,,,,
AG-8986,Kunal Mishra,OFF-AR-10002952,Office Supplies,Art,11832,,,,
AG-8986,Kunal Mishra,TEC-PH-10000576,Technology,Phones,27663,,,,
AG-8986,Kunal Mishra,OFF-PA-10000605,Office Supplies,Paper,23926,,,,
AG-8986,Kunal Mishra,OFF-AP-10002518,Office Supplies,Appliances,35677,,,,
AG-8986,Kunal Mishra,OFF-ST-10004340,Office Supplies,Storage,6255,,,,
AG-8986,Kunal Mishra,OFF-BI-10004001,Office Supplies,Binders,23036,,,,
AG-8986,Kunal Mishra,FUR-TA-10004147,Furniture,Tables,17658,,,,
AG-8986,Kunal Mishra,OFF-AR-10001545,Office Supplies,Art,38720,,,,
AG-8986,Kunal Mishra,FUR-FU-10000206,Furniture,Furnishings,48591,,,,
AG-8986,Kunal Mishra,TEC-AC-10001013,Technology,Accessories,34248,,,,
AG-8986,Kunal Mishra,OFF-AR-10002255,Office Supplies,Art,24515,,,,
AG-7288,Isha Roy,OFF-BI-10004140,Office Supplies,Binders,29904,,,,
AG-7288,Isha Roy,OFF-BI-10002049,Office Supplies,Binders,22965,,,,
AG-7288,Isha Roy,OFF-PA-10001892,Office Supplies,Paper,47252,,,,
AG-7288,Isha Roy,OFF-ST-10000642,Office Supplies,Storage,18168,,,,
AG-7288,Isha Roy,FUR-FU-10000206,Furniture,Furnishings,7835,,,,
AG-7288,Isha Roy,OFF-BI-10003676,Office Supplies,Binders,44667,,,,
AG-7288,Isha Roy,OFF-FA-10003495,Office Supplies,Fasteners,15055,,,,
AG-7288,Isha Roy,OFF-EN-10003798,Office Supplies,Envelopes,35302,,,,
AG-7288,Isha Roy,TEC-PH-10003589,Technology,Phones,12892,,,,
AG-7288,Isha Roy,OFF-PA-10004735,Office Supplies,Paper,28643,,,,
AG-7288,Isha Roy,OFF-BI-10002609,Office Supplies,Binders,30468,,,,
AG-8854,Kabir Verma,OFF-BI-10003364,Office Supplies,Binders,25543,,,,
AG-8854,Kabir Verma,FUR-BO-10002206,Furniture,Bookcases,31017,,,,
AG-8854,Kabir Verma,TEC-AC-10003610,Technology,Accessories,32698,,,,
AG-8854,Kabir Verma,OFF-LA-10003766,Office Supplies,Labels,4232,,,,
AG-8854,Kabir Verma,OFF-PA-10001970,Office Supplies,Paper,39168,,,,
AG-8854,Kabir Verma,TEC-AC-10002049,Technology,Accessories,22843,,,,
AG-8854,Kabir Verma,OFF-PA-10000141,Office Supplies,Paper,41621,,,,
AG-8854,Kabir Verma,OFF-EN-10004459,Office Supplies,Envelopes,37777,,,,
AG-8854,Kabir Verma,TEC-PH-10001061,Technology,Phones,4515,,,,
AG-8854,Kabir Verma,OFF-AR-10002375,Office Supplies,Art,46886,,,,
AG-8854,Kabir Verma,FUR-FU-10003194,Furniture,Furnishings,12254,,,,
AG-7411,Isha Roy,OFF-AR-10003811,Office Supplies,Art,12832,,,,
AG-7411,Isha Roy,OFF-EN-10001539,Office Supplies,Envelopes,25276,,,,
AG-7411,Isha Roy,FUR-CH-10002331,Furniture,Chairs,20836,,,,
AG-7411,Isha Roy,OFF-AR-10003156,Office Supplies,Art,25836,,,,
AG-7411,Isha Roy,OFF-EN-10001532,Office Supplies,Envelopes,31070,,,,
AG-7411,Isha Roy,FUR-TA-10004086,Furniture,Tables,1002,,,,
AG-7411,Isha Roy,OFF-PA-10000100,Office Supplies,Paper,16051,,,,
AG-7411,Isha Roy,OFF-EN-10002500,Office Supplies,Envelopes,49984,,,,
AG-7411,Isha Roy,OFF-PA-10004100,Office Supplies,Paper,41765,,,,
AG-7411,Isha Roy,OFF-ST-10003479,Office Supplies,Storage,20400,,,,
AG-7411,Isha Roy,OFF-LA-10000973,Office Supplies,Labels,13212,,,,
AG-8082,Rishabh Rath,OFF-ST-10001476,Office Supplies,Storage,44775,,,,
AG-8082,Rishabh Rath,OFF-EN-10002831,Office Supplies,Envelopes,3545,,,,
AG-8082,Rishabh Rath,OFF-AP-10002350,Office Supplies,Appliances,35264,,,,
AG-8082,Rishabh Rath,OFF-PA-10001763,Office Supplies,Paper,23917,,,,
AG-8082,Rishabh Rath,OFF-AR-10003394,Office Supplies,Art,4771,,,,
AG-8082,Rishabh Rath,OFF-BI-10002072,Office Supplies,Binders,4269,,,,
AG-8082,Rishabh Rath,FUR-FU-10004188,Furniture,Furnishings,10780,,,,
AG-8082,Rishabh Rath,OFF-FA-10001561,Office Supplies,Fasteners,42000,,,,
AG-8082,Rishabh Rath,OFF-PA-10002105,Office Supplies,Paper,37053,,,,
AG-8082,Rishabh Rath,TEC-MA-10004241,Technology,Machines,8646,,,,
AG-8082,Rishabh Rath,OFF-ST-10004340,Office Supplies,Storage,37011,,,,
AG-7094,Ananya Sen,OFF-AP-10003849,Office Supplies,Appliances,32048,,,,
AG-7094,Ananya Sen,OFF-FA-10000735,Office Supplies,Fasteners,35333,,,,
AG-7094,Ananya Sen,OFF-BI-10003350,Office Supplies,Binders,39944,,,,
AG-7094,Ananya Sen,TEC-PH-10000307,Technology,Phones,8034,,,,
AG-7094,Ananya Sen,TEC-CO-10004202,Technology,Copiers,30168,,,,
AG-7094,Ananya Sen,FUR-FU-10001852,Furniture,Furnishings,23678,,,,
AG-7094,Ananya Sen,OFF-AR-10003759,Office Supplies,Art,17141,,,,
AG-7094,Ananya Sen,OFF-BI-10003984,Office Supplies,Binders,41246,,,,
AG-7094,Ananya Sen,OFF-ST-10004337,Office Supplies,Storage,49009,,,,
AG-7094,Ananya Sen,FUR-TA-10001932,Furniture,Tables,2913,,,,
AG-7094,Ananya Sen,OFF-BI-10003982,Office Supplies,Binders,34191,,,,
AG-7777,Meera Patel,FUR-TA-10000617,Furniture,Tables,25289,,,,
AG-7777,Meera Patel,FUR-CH-10002126,Furniture,Chairs,39797,,,,
AG-7777,Meera Patel,OFF-AP-10000576,Office Supplies,Appliances,19753,,,,
AG-7777,Meera Patel,OFF-BI-10004654,Office Supplies,Binders,7604,,,,
AG-7777,Meera Patel,OFF-AR-10004042,Office Supplies,Art,12416,,,,
AG-7777,Meera Patel,TEC-PH-10004700,Technology,Phones,21067,,,,
AG-7777,Meera Patel,OFF-BI-10004593,Office Supplies,Binders,37013,,,,
AG-7777,Meera Patel,OFF-BI-10003429,Office Supplies,Binders,3171,,,,
AG-7777,Meera Patel,OFF-BI-10001294,Office Supplies,Binders,31922,,,,
AG-7777,Meera Patel,TEC-AC-10001552,Technology,Accessories,11140,,,,
AG-7777,Meera Patel,FUR-FU-10004952,Furniture,Furnishings,23196,,,,
AG-8456,Vishal Ahuja,OFF-ST-10004123,Office Supplies,Storage,20458,,,,
AG-8456,Vishal Ahuja,OFF-PA-10003172,Office Supplies,Paper,49579,,,,
AG-8456,Vishal Ahuja,OFF-ST-10002352,Office Supplies,Storage,12354,,,,
AG-8456,Vishal Ahuja,OFF-PA-10002259,Office Supplies,Paper,8914,,,,
AG-8456,Vishal Ahuja,OFF-BI-10002976,Office Supplies,Binders,14442,,,,
AG-8456,Vishal Ahuja,OFF-BI-10000301,Office Supplies,Binders,28286,,,,
AG-8456,Vishal Ahuja,OFF-BI-10003694,Office Supplies,Binders,26777,,,,
AG-8456,Vishal Ahuja,OFF-SU-10000381,Office Supplies,Supplies,5898,,,,
AG-8456,Vishal Ahuja,OFF-LA-10004425,Office Supplies,Labels,16407,,,,
AG-8456,Vishal Ahuja,FUR-CH-10001270,Furniture,Chairs,6061,,,,
AG-8456,Vishal Ahuja,TEC-PH-10003931,Technology,Phones,32609,,,,
AG-8382,Isha Roy,TEC-AC-10003174,Technology,Accessories,8451,,,,
AG-8382,Isha Roy,TEC-PH-10004539,Technology,Phones,18202,,,,
AG-8382,Isha Roy,OFF-AR-10001919,Office Supplies,Art,3763,,,,
AG-8382,Isha Roy,OFF-EN-10002504,Office Supplies,Envelopes,5242,,,,
AG-8382,Isha Roy,TEC-PH-10003655,Technology,Phones,45523,,,,
AG-8382,Isha Roy,OFF-BI-10004656,Office Supplies,Binders,43627,,,,
AG-8382,Isha Roy,OFF-ST-10002344,Office Supplies,Storage,12321,,,,
AG-8382,Isha Roy,OFF-PA-10001800,Office Supplies,Paper,47391,,,,
AG-8382,Isha Roy,OFF-ST-10000036,Office Supplies,Storage,29211,,,,
AG-8382,Isha Roy,OFF-AP-10004532,Office Supplies,Appliances,3668,,,,
AG-8382,Isha Roy,TEC-PH-10004447,Technology,Phones,31287,,,,
AG-7408,Rajesh Gupta,FUR-CH-10003973,Furniture,Chairs,44942,,,,
AG-7408,Rajesh Gupta,OFF-PA-10001970,Office Supplies,Paper,15350,,,,
AG-7408,Rajesh Gupta,OFF-PA-10000682,Office Supplies,Paper,46264,,,,
AG-7408,Rajesh Gupta,OFF-PA-10001937,Office Supplies,Paper,45285,,,,
AG-7408,Rajesh Gupta,FUR-FU-10002268,Furniture,Furnishings,27958,,,,
AG-7408,Rajesh Gupta,OFF-ST-10001321,Office Supplies,Storage,39437,,,,
AG-7408,Rajesh Gupta,FUR-FU-10003394,Furniture,Furnishings,27170,,,,
AG-7408,Rajesh Gupta,TEC-AC-10001990,Technology,Accessories,42351,,,,
AG-7408,Rajesh Gupta,FUR-CH-10004540,Furniture,Chairs,45138,,,,
AG-7408,Rajesh Gupta,OFF-BI-10004995,Office Supplies,Binders,33915,,,,
AG-7408,Rajesh Gupta,FUR-CH-10002335,Furniture,Chairs,34875,,,,
AG-7559,Kiran Rao,OFF-BI-10004967,Office Supplies,Binders,19676,,,,
AG-7559,Kiran Rao,FUR-CH-10002331,Furniture,Chairs,20445,,,,
AG-7559,Kiran Rao,OFF-ST-10002292,Office Supplies,Storage,43694,,,,
AG-7559,Kiran Rao,OFF-ST-10000689,Office Supplies,Storage,1167,,,,
AG-7559,Kiran Rao,TEC-PH-10002660,Technology,Phones,35310,,,,
AG-7559,Kiran Rao,OFF-ST-10004634,Office Supplies,Storage,14679,,,,
AG-7559,Kiran Rao,OFF-BI-10002160,Office Supplies,Binders,13942,,,,
AG-7559,Kiran Rao,OFF-FA-10002988,Office Supplies,Fasteners,35045,,,,
AG-7559,Kiran Rao,OFF-AR-10004999,Office Supplies,Art,2921,,,,
AG-7559,Kiran Rao,OFF-BI-10001031,Office Supplies,Binders,19305,,,,
AG-7559,Kiran Rao,FUR-BO-10004695,Furniture,Bookcases,32919,,,,
AG-8656,Siddharth Mehta,FUR-CH-10004860,Furniture,Chairs,28081,,,,
AG-8656,Siddharth Mehta,OFF-BI-10002432,Office Supplies,Binders,41983,,,,
AG-8656,Siddharth Mehta,OFF-BI-10000069,Office Supplies,Binders,45520,,,,
AG-8656,Siddharth Mehta,OFF-AR-10003602,Office Supplies,Art,1698,,,,
AG-8656,Siddharth Mehta,TEC-AC-10004469,Technology,Accessories,24212,,,,
AG-8656,Siddharth Mehta,FUR-FU-10001867,Furniture,Furnishings,1392,,,,
AG-8656,Siddharth Mehta,TEC-AC-10003174,Technology,Accessories,13738,,,,
AG-8656,Siddharth Mehta,TEC-PH-10002200,Technology,Phones,23765,,,,
AG-8656,Siddharth Mehta,OFF-ST-10000107,Office Supplies,Storage,7138,,,,
AG-8656,Siddharth Mehta,TEC-PH-10000439,Technology,Phones,14043,,,,
AG-8656,Siddharth Mehta,FUR-FU-10001602,Furniture,Furnishings,34383,,,,
AG-8014,Aditi Sharma,TEC-AC-10001432,Technology,Accessories,23090,,,,
AG-8014,Aditi Sharma,OFF-BI-10004656,Office Supplies,Binders,30852,,,,
AG-8014,Aditi Sharma,OFF-PA-10001685,Office Supplies,Paper,24796,,,,
AG-8014,Aditi Sharma,OFF-ST-10001418,Office Supplies,Storage,25790,,,,
AG-8014,Aditi Sharma,OFF-ST-10000676,Office Supplies,Storage,25064,,,,
AG-8014,Aditi Sharma,OFF-EN-10001219,Office Supplies,Envelopes,15199,,,,
AG-8014,Aditi Sharma,FUR-FU-10001424,Furniture,Furnishings,39740,,,,
AG-8014,Aditi Sharma,OFF-AR-10001022,Office Supplies,Art,30436,,,,
AG-8014,Aditi Sharma,OFF-AR-10000369,Office Supplies,Art,5752,,,,
AG-8014,Aditi Sharma,OFF-EN-10003055,Office Supplies,Envelopes,15258,,,,
AG-8014,Aditi Sharma,TEC-CO-10001046,Technology,Copiers,4638,,,,
AG-7666,Tirtho Vani,FUR-FU-10000076,Furniture,Furnishings,34394,,,,
AG-7666,Tirtho Vani,OFF-BI-10003719,Office Supplies,Binders,15060,,,,
AG-7666,Tirtho Vani,FUR-FU-10003268,Furniture,Furnishings,38181,,,,
AG-7666,Tirtho Vani,FUR-FU-10003553,Furniture,Furnishings,30227,,,,
AG-7666,Tirtho Vani,FUR-FU-10003691,Furniture,Furnishings,32123,,,,
AG-7666,Tirtho Vani,OFF-AR-10003903,Office Supplies,Art,20965,,,,
AG-7666,Tirtho Vani,OFF-FA-10004854,Office Supplies,Fasteners,14159,,,,
AG-7666,Tirtho Vani,TEC-PH-10003442,Technology,Phones,931,,,,
AG-7666,Tirtho Vani,OFF-BI-10004519,Office Supplies,Binders,36865,,,,
AG-7666,Tirtho Vani,OFF-FA-10000304,Office Supplies,Fasteners,32964,,,,
AG-7666,Tirtho Vani,OFF-EN-10004955,Office Supplies,Envelopes,42775,,,,
AG-8590,Arjun Nair,FUR-TA-10004619,Furniture,Tables,13388,,,,
AG-8590,Arjun Nair,FUR-TA-10003473,Furniture,Tables,6260,,,,
AG-8590,Arjun Nair,FUR-BO-10004467,Furniture,Bookcases,18466,,,,
AG-8590,Arjun Nair,OFF-AR-10002280,Office Supplies,Art,5764,,,,
AG-8590,Arjun Nair,FUR-CH-10001708,Furniture,Chairs,36536,,,,
AG-8590,Arjun Nair,OFF-AP-10000891,Office Supplies,Appliances,21289,,,,
AG-8590,Arjun Nair,OFF-AR-10000462,Office Supplies,Art,18007,,,,
AG-8590,Arjun Nair,TEC-PH-10004165,Technology,Phones,10014,,,,
AG-8590,Arjun Nair,OFF-AR-10003958,Office Supplies,Art,15352,,,,
AG-8590,Arjun Nair,TEC-PH-10000149,Technology,Phones,11897,,,,
